/*
* license: Freeware, Non-Commercial
link: https://www.fontspace.com/robotika-pixel-greek-font-f160619
*/

// start default_font
unsigned char default_font[] = {
0x00, 0x01, 0x00, 0x00, 0x00, 0x0f, 0x00, 0x80, 0x00, 0x03, 0x00, 0x70, 0x46, 0x46, 0x54, 0x4d, 0xa6, 0x02, 0x83, 0x8f,
0x00, 0x00, 0x4a, 0x38, 0x00, 0x00, 0x00, 0x1c, 0x47, 0x44, 0x45, 0x46, 0x00, 0x25, 0x00, 0x00, 0x00, 0x00, 0x40, 0xf0,
0x00, 0x00, 0x00, 0x18, 0x47, 0x50, 0x4f, 0x53, 0x91, 0xf9, 0xe0, 0x2c, 0x00, 0x00, 0x41, 0x28, 0x00, 0x00, 0x09, 0x0e,
0x47, 0x53, 0x55, 0x42, 0x44, 0x76, 0x4c, 0x75, 0x00, 0x00, 0x41, 0x08, 0x00, 0x00, 0x00, 0x20, 0x4f, 0x53, 0x2f, 0x32,
0x6a, 0x73, 0x04, 0xd8, 0x00, 0x00, 0x01, 0x78, 0x00, 0x00, 0x00, 0x60, 0x63, 0x6d, 0x61, 0x70, 0x80, 0x60, 0x98, 0xd8,
0x00, 0x00, 0x04, 0xd0, 0x00, 0x00, 0x02, 0x1e, 0x67, 0x61, 0x73, 0x70, 0xff, 0xff, 0x00, 0x03, 0x00, 0x00, 0x40, 0xe8,
0x00, 0x00, 0x00, 0x08, 0x67, 0x6c, 0x79, 0x66, 0x70, 0x7f, 0x9a, 0x9f, 0x00, 0x00, 0x08, 0x70, 0x00, 0x00, 0x33, 0x70,
0x68, 0x65, 0x61, 0x64, 0x2e, 0x9f, 0x2c, 0xfd, 0x00, 0x00, 0x00, 0xfc, 0x00, 0x00, 0x00, 0x36, 0x68, 0x68, 0x65, 0x61,
0x07, 0x8a, 0x03, 0xe4, 0x00, 0x00, 0x01, 0x34, 0x00, 0x00, 0x00, 0x24, 0x68, 0x6d, 0x74, 0x78, 0x62, 0x2d, 0x13, 0x0e,
0x00, 0x00, 0x01, 0xd8, 0x00, 0x00, 0x02, 0xf8, 0x6c, 0x6f, 0x63, 0x61, 0x80, 0x98, 0x74, 0x54, 0x00, 0x00, 0x06, 0xf0,
0x00, 0x00, 0x01, 0x7e, 0x6d, 0x61, 0x78, 0x70, 0x01, 0x05, 0x00, 0x3d, 0x00, 0x00, 0x01, 0x58, 0x00, 0x00, 0x00, 0x20,
0x6e, 0x61, 0x6d, 0x65, 0xc7, 0x09, 0x27, 0xf2, 0x00, 0x00, 0x3b, 0xe0, 0x00, 0x00, 0x03, 0x45, 0x70, 0x6f, 0x73, 0x74,
0x11, 0xc7, 0x59, 0x83, 0x00, 0x00, 0x3f, 0x28, 0x00, 0x00, 0x01, 0xc0, 0x00, 0x01, 0x00, 0x00, 0x00, 0x01, 0x00, 0x00,
0x8c, 0xa5, 0x88, 0xb8, 0x5f, 0x0f, 0x3c, 0xf5, 0x00, 0x0b, 0x03, 0xe8, 0x00, 0x00, 0x00, 0x00, 0xe5, 0xd7, 0x74, 0xcf,
0x00, 0x00, 0x00, 0x00, 0xe5, 0xd7, 0x74, 0xcf, 0xff, 0x85, 0xff, 0x19, 0x04, 0x4c, 0x03, 0x61, 0x00, 0x00, 0x00, 0x08,
0x00, 0x02, 0x00, 0x00, 0x00, 0x00, 0x00, 0x00, 0x00, 0x01, 0x00, 0x00, 0x03, 0xb6, 0xff, 0x06, 0x00, 0x00, 0x04, 0x5a,
0xff, 0x85, 0xff, 0xc5, 0x04, 0x4c, 0x00, 0x01, 0x00, 0x00, 0x00, 0x00, 0x00, 0x00, 0x00, 0x00, 0x00, 0x00, 0x00, 0x00,
0x00, 0x00, 0x00, 0xbe, 0x00, 0x01, 0x00, 0x00, 0x00, 0xbe, 0x00, 0x3a, 0x00, 0x05, 0x00, 0x00, 0x00, 0x00, 0x00, 0x02,
0x00, 0x00, 0x00, 0x01, 0x00, 0x01, 0x00, 0x00, 0x00, 0x40, 0x00, 0x00, 0x00, 0x00, 0x00, 0x00, 0x00, 0x03, 0x01, 0xe5,
0x01, 0x90, 0x00, 0x05, 0x00, 0x00, 0x02, 0x8a, 0x02, 0xbb, 0x00, 0x00, 0x00, 0x8c, 0x02, 0x8a, 0x02, 0xbb, 0x00, 0x00,
0x01, 0xdf, 0x00, 0x31, 0x01, 0x02, 0x00, 0x00, 0x00, 0x00, 0x00, 0x00, 0x00, 0x00, 0x00, 0x00, 0x00, 0x00, 0x80, 0x00,
0x00, 0x07, 0x00, 0x00, 0x00, 0x02, 0x00, 0x00, 0x00, 0x00, 0x00, 0x00, 0x00, 0x00, 0x58, 0x58, 0x58, 0x58, 0x00, 0x40,
0x00, 0x20, 0x20, 0xac, 0x03, 0xb6, 0xff, 0x06, 0x00, 0x00, 0x03, 0x61, 0x00, 0xe7, 0x00, 0x00, 0x00, 0x01, 0x00, 0x00,
0x00, 0x00, 0x01, 0xfc, 0x02, 0xbc, 0x00, 0x00, 0x00, 0x20, 0x00, 0x02, 0x00, 0x00, 0x00, 0x00, 0x00, 0x00, 0x00, 0x00,
0x01, 0x4d, 0x00, 0x00, 0x01, 0x52, 0x00, 0x00, 0x00, 0x9b, 0x00, 0x2e, 0x00, 0xde, 0x00, 0x15, 0x01, 0xcf, 0x00, 0x1f,
0x02, 0x99, 0x00, 0x23, 0x02, 0xeb, 0x00, 0x17, 0x02, 0x42, 0x00, 0x2b, 0x00, 0x6b, 0x00, 0x15, 0x00, 0xd3, 0x00, 0x29,
0x00, 0xd3, 0xff, 0xed, 0x01, 0x11, 0x00, 0x18, 0x01, 0xcf, 0x00, 0x12, 0x00, 0x5f, 0x00, 0x0f, 0x01, 0x6b, 0x00, 0x0e,
0x00, 0x5d, 0x00, 0x0f, 0x01, 0x34, 0x00, 0x07, 0x02, 0x13, 0x00, 0x2d, 0x01, 0x6f, 0x00, 0x14, 0x01, 0xf2, 0x00, 0x14,
0x01, 0xfa, 0x00, 0x12, 0x02, 0x23, 0x00, 0x10, 0x01, 0xf4, 0x00, 0x15, 0x02, 0x0e, 0x00, 0x2d, 0x01, 0xaa, 0x00, 0x18,
0x02, 0x0f, 0x00, 0x2b, 0x02, 0x0f, 0x00, 0x25, 0x00, 0x6b, 0x00, 0x16, 0x00, 0x6b, 0x00, 0x15, 0x01, 0xfa, 0x00, 0x13,
0x01, 0xe2, 0x00, 0x14, 0x01, 0xfa, 0x00, 0x17, 0x01, 0x71, 0x00, 0x24, 0x03, 0x61, 0x00, 0x2c, 0x02, 0x70, 0x00, 0x0c,
0x02, 0x5a, 0x00, 0x32, 0x02, 0x8e, 0x00, 0x23, 0x02, 0x73, 0x00, 0x32, 0x02, 0x47, 0x00, 0x32, 0x02, 0x3b, 0x00, 0x32,
0x02, 0xa3, 0x00, 0x23, 0x02, 0x8a, 0x00, 0x32, 0x01, 0x48, 0x00, 0x07, 0x02, 0x7b, 0xff, 0xfa, 0x02, 0x5f, 0x00, 0x32,
0x02, 0x35, 0x00, 0x32, 0x03, 0x23, 0x00, 0x32, 0x02, 0xd6, 0x00, 0x32, 0x02, 0x9d, 0x00, 0x24, 0x02, 0x5e, 0x00, 0x32,
0x02, 0xa0, 0x00, 0x24, 0x02, 0x72, 0x00, 0x32, 0x02, 0x84, 0x00, 0x19, 0x02, 0x31, 0xff, 0xfa, 0x02, 0xac, 0x00, 0x2b,
0x02, 0x6e, 0x00, 0x0b, 0x04, 0x45, 0x00, 0x2b, 0x02, 0xa3, 0xff, 0xfc, 0x02, 0x1e, 0x00, 0x08, 0x02, 0x33, 0x00, 0x09,
0x00, 0xaa, 0x00, 0x32, 0x01, 0x34, 0x00, 0x02, 0x00, 0xaa, 0xff, 0xc7, 0x02, 0x92, 0x00, 0x32, 0x02, 0x0c, 0x00, 0x22,
0x02, 0x0c, 0x00, 0x2d, 0x01, 0xeb, 0x00, 0x22, 0x02, 0x08, 0x00, 0x22, 0x01, 0xf9, 0x00, 0x22, 0x01, 0x2c, 0x00, 0x10,
0x02, 0x08, 0x00, 0x1e, 0x02, 0x0d, 0x00, 0x2d, 0x00, 0x98, 0x00, 0x2d, 0x00, 0x98, 0xff, 0x85, 0x01, 0xec, 0x00, 0x2d,
0x00, 0x98, 0x00, 0x2d, 0x03, 0x87, 0x00, 0x2d, 0x02, 0x0d, 0x00, 0x2d, 0x01, 0xfa, 0x00, 0x22, 0x02, 0x08, 0x00, 0x2d,
0x02, 0x0c, 0x00, 0x22, 0x01, 0x15, 0x00, 0x2d, 0x01, 0xec, 0x00, 0x16, 0x01, 0x40, 0x00, 0x06, 0x02, 0x0c, 0x00, 0x26,
0x01, 0xdc, 0x00, 0x11, 0x03, 0x81, 0x00, 0x27, 0x02, 0x03, 0x00, 0x03, 0x01, 0xdc, 0x00, 0x11, 0x01, 0xac, 0x00, 0x11,
0x00, 0xe9, 0x00, 0x11, 0x00, 0xa3, 0x00, 0x32, 0x00, 0xe9, 0xff, 0xc4, 0x01, 0x52, 0x00, 0x00, 0x00, 0x8d, 0x00, 0x27,
0x01, 0xf6, 0x00, 0x24, 0x02, 0x13, 0x00, 0x25, 0x02, 0x4c, 0x00, 0x1f, 0x02, 0x71, 0x00, 0x2a, 0x02, 0xd0, 0x00, 0x2e,
0x01, 0x83, 0x00, 0x15, 0x00, 0x00, 0x00, 0x00, 0x01, 0xbd, 0x00, 0x24, 0x01, 0x2e, 0x00, 0x1a, 0x00, 0x9a, 0x00, 0x13,
0x01, 0x83, 0x00, 0x15, 0x01, 0x65, 0x00, 0x16, 0x02, 0x70, 0x00, 0x0c, 0x02, 0x70, 0x00, 0x0c, 0x02, 0x70, 0x00, 0x0c,
0x02, 0x70, 0x00, 0x0c, 0x02, 0x70, 0x00, 0x0c, 0x02, 0x70, 0x00, 0x0c, 0x03, 0x79, 0x00, 0x0c, 0x02, 0x8e, 0x00, 0x23,
0x02, 0x47, 0x00, 0x32, 0x02, 0x47, 0x00, 0x32, 0x02, 0x47, 0x00, 0x32, 0x02, 0x47, 0x00, 0x32, 0x01, 0x47, 0x00, 0x07,
0x01, 0x47, 0x00, 0x07, 0x01, 0x47, 0x00, 0x07, 0x01, 0x47, 0x00, 0x07, 0x02, 0xd6, 0x00, 0x32, 0x02, 0xa7, 0x00, 0x25,
0x02, 0xa7, 0x00, 0x25, 0x02, 0xa7, 0x00, 0x25, 0x02, 0xa7, 0x00, 0x25, 0x02, 0xa7, 0x00, 0x25, 0x01, 0x86, 0x00, 0x18,
0x02, 0xcb, 0x00, 0x15, 0x02, 0xac, 0x00, 0x2b, 0x02, 0xac, 0x00, 0x2b, 0x02, 0xac, 0x00, 0x2b, 0x02, 0xac, 0x00, 0x2b,
0x02, 0x1e, 0x00, 0x08, 0x02, 0x41, 0x00, 0x2d, 0x02, 0x0c, 0x00, 0x22, 0x02, 0x0c, 0x00, 0x22, 0x02, 0x0c, 0x00, 0x22,
0x02, 0x0c, 0x00, 0x22, 0x02, 0x0c, 0x00, 0x22, 0x02, 0x0c, 0x00, 0x22, 0x03, 0x78, 0x00, 0x22, 0x01, 0xeb, 0x00, 0x22,
0x01, 0xf9, 0x00, 0x22, 0x01, 0xf9, 0x00, 0x22, 0x01, 0xf9, 0x00, 0x22, 0x01, 0xf9, 0x00, 0x22, 0x00, 0x98, 0xff, 0xdc,
0x00, 0x98, 0x00, 0x2d, 0x00, 0x98, 0xff, 0xcf, 0x00, 0x98, 0xff, 0xd2, 0x02, 0x0d, 0x00, 0x2d, 0x01, 0xfd, 0x00, 0x22,
0x01, 0xfd, 0x00, 0x22, 0x01, 0xfd, 0x00, 0x22, 0x01, 0xfd, 0x00, 0x22, 0x01, 0xfd, 0x00, 0x22, 0x01, 0xd4, 0x00, 0x0d,
0x02, 0x07, 0x00, 0x1c, 0x02, 0x0e, 0x00, 0x27, 0x02, 0x0e, 0x00, 0x27, 0x02, 0x0e, 0x00, 0x27, 0x02, 0x0e, 0x00, 0x27,
0x01, 0xda, 0x00, 0x10, 0x01, 0xda, 0x00, 0x10, 0x00, 0x98, 0x00, 0x2d, 0x04, 0x5a, 0x00, 0x25, 0x03, 0x72, 0x00, 0x22,
0x02, 0x83, 0x00, 0x18, 0x01, 0xec, 0x00, 0x16, 0x02, 0x1e, 0x00, 0x08, 0x02, 0x32, 0x00, 0x09, 0x01, 0xab, 0x00, 0x11,
0x01, 0xe1, 0x00, 0x10, 0x02, 0x3b, 0x00, 0x10, 0x00, 0x6a, 0x00, 0x15, 0x00, 0x6a, 0x00, 0x14, 0x00, 0x5f, 0x00, 0x0f,
0x00, 0xc4, 0x00, 0x15, 0x00, 0xc4, 0x00, 0x14, 0x00, 0xb9, 0x00, 0x0f, 0x02, 0x52, 0x00, 0x41, 0x00, 0xe5, 0x00, 0x17,
0x00, 0xf7, 0x00, 0x15, 0x00, 0xf7, 0x00, 0x15, 0x02, 0x1f, 0x00, 0x1c, 0x00, 0x00, 0x00, 0x03, 0x00, 0x00, 0x00, 0x03,
0x00, 0x00, 0x00, 0x1c, 0x00, 0x01, 0x00, 0x00, 0x00, 0x00, 0x01, 0x18, 0x00, 0x03, 0x00, 0x01, 0x00, 0x00, 0x00, 0x1c,
0x00, 0x04, 0x00, 0xfc, 0x00, 0x00, 0x00, 0x28, 0x00, 0x20, 0x00, 0x04, 0x00, 0x08, 0x00, 0x00, 0x00, 0x5d, 0x00, 0x5f,
0x00, 0x7d, 0x00, 0xb0, 0x00, 0xbb, 0x00, 0xcf, 0x00, 0xdd, 0x00, 0xef, 0x00, 0xfd, 0x00, 0xff, 0x01, 0x31, 0x01, 0x53,
0x01, 0x61, 0x01, 0x78, 0x01, 0x7e, 0x20, 0x22, 0x20, 0x3a, 0x20, 0xac, 0xff, 0xff, 0x00, 0x00, 0x00, 0x00, 0x00, 0x20,
0x00, 0x5f, 0x00, 0x61, 0x00, 0xa0, 0x00, 0xb7, 0x00, 0xbf, 0x00, 0xd1, 0x00, 0xdf, 0x00, 0xf1, 0x00, 0xff, 0x01, 0x31,
0x01, 0x52, 0x01, 0x60, 0x01, 0x78, 0x01, 0x7d, 0x20, 0x13, 0x20, 0x39, 0x20, 0xac, 0xff, 0xff, 0x00, 0x00, 0xff, 0xe3,
0xff, 0xe2, 0xff, 0xe1, 0x00, 0x00, 0x00, 0x00, 0xff, 0xad, 0xff, 0xac, 0xff, 0xab, 0xff, 0xaa, 0xff, 0xa9, 0xff, 0x78,
0xff, 0x58, 0xff, 0x4c, 0xff, 0x36, 0xff, 0x32, 0x00, 0x00, 0xe0, 0x82, 0xe0, 0x11, 0x00, 0x01, 0x00, 0x00, 0x00, 0x00,
0x00, 0x00, 0x00, 0x00, 0x00, 0x20, 0x00, 0x40, 0x00, 0x00, 0x00, 0x00, 0x00, 0x00, 0x00, 0x00, 0x00, 0x00, 0x00, 0x00,
0x00, 0x00, 0x00, 0x00, 0x00, 0x00, 0x00, 0x00, 0x00, 0x34, 0x00, 0x00, 0x00, 0x00, 0x00, 0x00, 0x00, 0x5f, 0x00, 0x60,
0x00, 0x61, 0x00, 0x62, 0x00, 0x00, 0x00, 0x63, 0x00, 0x00, 0x00, 0x64, 0x00, 0x00, 0x00, 0x65, 0x00, 0x00, 0x00, 0x66,
0x00, 0x00, 0x00, 0x67, 0x00, 0x68, 0x00, 0x00, 0x00, 0x69, 0x00, 0x6a, 0x00, 0x00, 0x00, 0x00, 0x00, 0x00, 0x00, 0x6b,
0x00, 0xb1, 0x00, 0xb2, 0x00, 0x00, 0x00, 0x00, 0x00, 0x00, 0x00, 0xb3, 0x00, 0xb4, 0x00, 0xb5, 0x00, 0x00, 0x00, 0xb6,
0x00, 0xb7, 0x00, 0xb8, 0x00, 0x00, 0x00, 0xb9, 0x00, 0x00, 0x00, 0xba, 0x00, 0x00, 0x01, 0x06, 0x00, 0x00, 0x01, 0x00,
0x00, 0x00, 0x00, 0x00, 0x00, 0x00, 0x01, 0x02, 0x00, 0x00, 0x00, 0x02, 0x00, 0x00, 0x00, 0x00, 0x00, 0x00, 0x00, 0x00,
0x00, 0x00, 0x00, 0x00, 0x00, 0x00, 0x00, 0x01, 0x00, 0x00, 0x03, 0x04, 0x05, 0x06, 0x07, 0x08, 0x09, 0x0a, 0x0b, 0x0c,
0x0d, 0x0e, 0x0f, 0x10, 0x11, 0x12, 0x13, 0x14, 0x15, 0x16, 0x17, 0x18, 0x19, 0x1a, 0x1b, 0x1c, 0x1d, 0x1e, 0x1f, 0x20,
0x21, 0x22, 0x23, 0x24, 0x25, 0x26, 0x27, 0x28, 0x29, 0x2a, 0x2b, 0x2c, 0x2d, 0x2e, 0x2f, 0x30, 0x31, 0x32, 0x33, 0x34,
0x35, 0x36, 0x37, 0x38, 0x39, 0x3a, 0x3b, 0x3c, 0x3d, 0x3e, 0x3f, 0x40, 0x00, 0x41, 0x00, 0x42, 0x43, 0x44, 0x45, 0x46,
0x47, 0x48, 0x49, 0x4a, 0x4b, 0x4c, 0x4d, 0x4e, 0x4f, 0x50, 0x51, 0x52, 0x53, 0x54, 0x55, 0x56, 0x57, 0x58, 0x59, 0x5a,
0x5b, 0x5c, 0x5d, 0x5e, 0x00, 0x00, 0x71, 0x72, 0x74, 0x76, 0x7d, 0x82, 0x88, 0x8c, 0x8b, 0x8d, 0x8f, 0x8e, 0x90, 0x92,
0x94, 0x93, 0x95, 0x96, 0x98, 0x97, 0x99, 0x9a, 0x9b, 0x9d, 0x9c, 0x9e, 0xa0, 0x9f, 0xa4, 0xa3, 0xa5, 0xa6, 0xb9, 0x69,
0x61, 0x62, 0x64, 0xba, 0x00, 0x8a, 0x68, 0x65, 0x00, 0x00, 0x00, 0x00, 0x73, 0x84, 0x00, 0x00, 0x00, 0x00, 0x63, 0x00,
0x00, 0x00, 0x00, 0x00, 0x00, 0x00, 0x00, 0x00, 0x91, 0xa2, 0x6c, 0x60, 0x00, 0x00, 0x00, 0x00, 0x00, 0x66, 0x6b, 0x00,
0x5f, 0x6d, 0x70, 0x81, 0xaa, 0xab, 0xb1, 0xb2, 0xb6, 0xb7, 0xb3, 0xb4, 0xa1, 0x00, 0xa8, 0xae, 0x00, 0xbd, 0xbb, 0xbc,
0x00, 0x00, 0x00, 0x6a, 0xb5, 0xb8, 0x00, 0x6f, 0x77, 0x6e, 0x78, 0x75, 0x7a, 0x7b, 0x7c, 0x79, 0x7f, 0x80, 0x00, 0x7e,
0x86, 0x87, 0x85, 0xa9, 0x00, 0x00, 0x00, 0x00, 0x00, 0x00, 0x00, 0x00, 0x00, 0x00, 0x00, 0x00, 0x00, 0x00, 0x00, 0x00,
0x00, 0x00, 0x00, 0x00, 0x00, 0x00, 0x00, 0x12, 0x00, 0x2a, 0x00, 0x5c, 0x00, 0x96, 0x00, 0xd6, 0x01, 0x06, 0x01, 0x16,
0x01, 0x34, 0x01, 0x52, 0x01, 0x92, 0x01, 0xa8, 0x01, 0xb8, 0x01, 0xc6, 0x01, 0xd2, 0x01, 0xe2, 0x02, 0x06, 0x02, 0x1c,
0x02, 0x3e, 0x02, 0x6a, 0x02, 0x88, 0x02, 0xaa, 0x02, 0xda, 0x02, 0xf0, 0x03, 0x28, 0x03, 0x58, 0x03, 0x6a, 0x03, 0x80,
0x03, 0x94, 0x03, 0xa8, 0x03, 0xbc, 0x03, 0xdc, 0x04, 0x16, 0x04, 0x36, 0x04, 0x5e, 0x04, 0x7c, 0x04, 0x98, 0x04, 0xb2,
0x04, 0xc8, 0x04, 0xec, 0x05, 0x04, 0x05, 0x1c, 0x05, 0x36, 0x05, 0x54, 0x05, 0x66, 0x05, 0x82, 0x05, 0x9a, 0x05, 0xba,
0x05, 0xd6, 0x06, 0x02, 0x06, 0x26, 0x06, 0x4a, 0x06, 0x5e, 0x06, 0x76, 0x06, 0x90, 0x06, 0xb4, 0x06, 0xd4, 0x06, 0xee,
0x07, 0x06, 0x07, 0x18, 0x07, 0x26, 0x07, 0x38, 0x07, 0x46, 0x07, 0x6c, 0x07, 0x92, 0x07, 0xb2, 0x07, 0xd8, 0x07, 0xfe,
0x08, 0x1a, 0x08, 0x4a, 0x08, 0x66, 0x08, 0x78, 0x08, 0x90, 0x08, 0xac, 0x08, 0xba, 0x08, 0xe4, 0x09, 0x00, 0x09, 0x24,
0x09, 0x4a, 0x09, 0x70, 0x09, 0x86, 0x09, 0xac, 0x09, 0xc8, 0x09, 0xe4, 0x09, 0xfe, 0x0a, 0x26, 0x0a, 0x40, 0x0a, 0x5c,
0x0a, 0x72, 0x0a, 0xbc, 0x0a, 0xca, 0x0b, 0x18, 0x0b, 0x18, 0x0b, 0x2a, 0x0b, 0x58, 0x0b, 0x82, 0x0b, 0xaa, 0x0b, 0xe0,
0x0c, 0x1c, 0x0c, 0x36, 0x0c, 0x36, 0x0c, 0x70, 0x0c, 0x92, 0x0c, 0xa8, 0x0c, 0xc2, 0x0c, 0xe4, 0x0d, 0x0a, 0x0d, 0x30,
0x0d, 0x5a, 0x0d, 0xa4, 0x0d, 0xd4, 0x0e, 0x18, 0x0e, 0x3e, 0x0e, 0x6e, 0x0e, 0x8e, 0x0e, 0xb0, 0x0e, 0xd6, 0x0f, 0x00,
0x0f, 0x1c, 0x0f, 0x3a, 0x0f, 0x5c, 0x0f, 0x82, 0x0f, 0xc6, 0x0f, 0xec, 0x10, 0x14, 0x10, 0x40, 0x10, 0x8e, 0x10, 0xbe,
0x10, 0xd8, 0x11, 0x0e, 0x11, 0x2e, 0x11, 0x4e, 0x11, 0x72, 0x11, 0x9c, 0x11, 0xbc, 0x11, 0xe2, 0x12, 0x10, 0x12, 0x3e,
0x12, 0x70, 0x12, 0xc4, 0x12, 0xfa, 0x13, 0x48, 0x13, 0x8c, 0x13, 0xbe, 0x13, 0xec, 0x14, 0x1a, 0x14, 0x4e, 0x14, 0x86,
0x14, 0x9a, 0x14, 0xae, 0x14, 0xc6, 0x14, 0xe2, 0x15, 0x30, 0x15, 0x58, 0x15, 0x82, 0x15, 0xb0, 0x15, 0xfe, 0x16, 0x30,
0x16, 0x48, 0x16, 0x80, 0x16, 0xa2, 0x16, 0xc4, 0x16, 0xec, 0x17, 0x18, 0x17, 0x3a, 0x17, 0x66, 0x17, 0x74, 0x17, 0xa4,
0x17, 0xe0, 0x18, 0x0e, 0x18, 0x3e, 0x18, 0x66, 0x18, 0x8a, 0x18, 0xac, 0x18, 0xba, 0x18, 0xc8, 0x18, 0xd8, 0x18, 0xe8,
0x18, 0xf8, 0x19, 0x12, 0x19, 0x2c, 0x19, 0x44, 0x19, 0x5a, 0x19, 0x70, 0x19, 0x80, 0x19, 0x90, 0x19, 0xb8, 0x00, 0x00,
0x00, 0x02, 0x00, 0x2e, 0x00, 0x00, 0x00, 0x6c, 0x02, 0xbc, 0x00, 0x03, 0x00, 0x07, 0x00, 0x00, 0x37, 0x23, 0x15, 0x33,
0x11, 0x23, 0x11, 0x33, 0x6c, 0x3e, 0x3e, 0x3e, 0x3e, 0x41, 0x41, 0x02, 0xbc, 0xfd, 0xf4, 0x00, 0x00, 0x02, 0x00, 0x15,
0x01, 0xc2, 0x00, 0xc9, 0x02, 0x4b, 0x00, 0x05, 0x00, 0x0b, 0x00, 0x00, 0x13, 0x33, 0x37, 0x35, 0x23, 0x15, 0x33, 0x17,
0x33, 0x37, 0x35, 0x23, 0x25, 0x20, 0x10, 0x40, 0x74, 0x10, 0x1f, 0x11, 0x40, 0x01, 0xc2, 0x4c, 0x3d, 0x3d, 0x4c, 0x4c,
0x3d, 0x00, 0x00, 0x00, 0x00, 0x02, 0x00, 0x1f, 0x00, 0x00, 0x01, 0xaf, 0x01, 0xf4, 0x00, 0x1b, 0x00, 0x1f, 0x00, 0x00,
0x25, 0x33, 0x35, 0x23, 0x37, 0x33, 0x35, 0x23, 0x37, 0x0f, 0x01, 0x23, 0x37, 0x0f, 0x01, 0x23, 0x15, 0x33, 0x07, 0x23,
0x15, 0x33, 0x07, 0x17, 0x37, 0x33, 0x07, 0x17, 0x13, 0x07, 0x23, 0x37, 0x01, 0x57, 0x4d, 0x41, 0x1c, 0x30, 0x24, 0x1d,
0x41, 0x1d, 0x86, 0x1e, 0x41, 0x1d, 0x5a, 0x4e, 0x1c, 0x3d, 0x32, 0x1c, 0x3f, 0x1c, 0x87, 0x1b, 0x3f, 0x04, 0x1c, 0x87,
0x1c, 0x80, 0x36, 0x81, 0x35, 0x88, 0x01, 0x87, 0x88, 0x01, 0x87, 0x35, 0x81, 0x36, 0x7f, 0x01, 0x80, 0x7f, 0x01, 0x01,
0x37, 0x81, 0x81, 0x00, 0x00, 0x03, 0x00, 0x23, 0xff, 0xbc, 0x02, 0x76, 0x02, 0xe5, 0x00, 0x19, 0x00, 0x1e, 0x00, 0x23,
0x00, 0x00, 0x01, 0x17, 0x37, 0x27, 0x23, 0x35, 0x23, 0x15, 0x23, 0x07, 0x15, 0x05, 0x11, 0x23, 0x27, 0x07, 0x17, 0x33,
0x15, 0x33, 0x35, 0x33, 0x37, 0x35, 0x25, 0x11, 0x05, 0x35, 0x37, 0x33, 0x15, 0x05, 0x07, 0x23, 0x35, 0x17, 0x01, 0xaa,
0x97, 0x35, 0xb8, 0x52, 0x3e, 0x53, 0xb8, 0x01, 0x0b, 0x3e, 0x97, 0x36, 0xb8, 0x53, 0x3e, 0x52, 0xb8, 0xfe, 0xf6, 0xfe,
0xf5, 0x8f, 0x3e, 0x01, 0x0a, 0x8e, 0x3e, 0xcc, 0x02, 0x7d, 0x6e, 0x27, 0x86, 0x29, 0x29, 0x86, 0xb1, 0x47, 0xfe, 0xfd,
0x6e, 0x27, 0x86, 0x40, 0x40, 0x86, 0xa4, 0x48, 0x01, 0x0f, 0xc8, 0x60, 0x68, 0xff, 0xdb, 0x68, 0xf2, 0x36, 0x00, 0x00,
0x00, 0x05, 0x00, 0x17, 0x00, 0x00, 0x02, 0xd3, 0x02, 0xc2, 0x00, 0x03, 0x00, 0x0b, 0x00, 0x13, 0x00, 0x1b, 0x00, 0x23,
0x00, 0x00, 0x37, 0x33, 0x01, 0x23, 0x07, 0x27, 0x23, 0x07, 0x1f, 0x01, 0x3f, 0x01, 0x2f, 0x01, 0x3f, 0x01, 0x1f, 0x01,
0x0f, 0x01, 0x05, 0x23, 0x07, 0x1f, 0x01, 0x3f, 0x01, 0x27, 0x07, 0x2f, 0x01, 0x37, 0x33, 0x1f, 0x01, 0x07, 0x9d, 0x32,
0x01, 0x72, 0x32, 0xd5, 0x54, 0x79, 0x56, 0x02, 0x54, 0x79, 0x56, 0xfa, 0x01, 0x39, 0x5e, 0x38, 0x02, 0x3b, 0x5c, 0x02,
0x02, 0x78, 0x56, 0x01, 0x55, 0x78, 0x56, 0x01, 0xbf, 0x39, 0x02, 0x39, 0x5e, 0x39, 0x02, 0x3c, 0x06, 0x02, 0xbc, 0x5c,
0x5c, 0x5f, 0x91, 0x5c, 0x01, 0x5e, 0x13, 0x66, 0x49, 0x01, 0x47, 0x66, 0x49, 0x01, 0x55, 0x5f, 0x91, 0x5c, 0x01, 0x5e,
0x91, 0xc5, 0x46, 0x67, 0x49, 0x46, 0x66, 0x49, 0x00, 0x02, 0x00, 0x2b, 0x00, 0x00, 0x02, 0x2b, 0x02, 0xb4, 0x00, 0x13,
0x00, 0x1a, 0x00, 0x00, 0x13, 0x2f, 0x01, 0x3f, 0x01, 0x17, 0x37, 0x27, 0x0f, 0x01, 0x1f, 0x01, 0x07, 0x1f, 0x01, 0x3f,
0x01, 0x27, 0x33, 0x35, 0x03, 0x07, 0x2f, 0x01, 0x3f, 0x01, 0x15, 0xc9, 0x60, 0x01, 0x61, 0x7b, 0x61, 0x3d, 0x8a, 0xa4,
0x89, 0x02, 0x5f, 0x61, 0x02, 0x89, 0xa5, 0x89, 0x03, 0x4a, 0xe6, 0x7b, 0x61, 0x01, 0x60, 0xdf, 0x01, 0x8f, 0x44, 0x5b,
0x47, 0x01, 0x45, 0x1f, 0x64, 0x01, 0x66, 0x99, 0x45, 0x48, 0xc3, 0x64, 0x01, 0x66, 0xea, 0x3e, 0xfe, 0xb0, 0x01, 0x45,
0x85, 0x47, 0x01, 0xca, 0x00, 0x01, 0x00, 0x15, 0x01, 0xc2, 0x00, 0x55, 0x02, 0x4b, 0x00, 0x05, 0x00, 0x00, 0x13, 0x17,
0x33, 0x37, 0x35, 0x23, 0x15, 0x10, 0x20, 0x10, 0x40, 0x02, 0x0e, 0x4c, 0x4c, 0x3d, 0x00, 0x00, 0x00, 0x01, 0x00, 0x29,
0xff, 0x9c, 0x00, 0xe6, 0x03, 0x2b, 0x00, 0x0e, 0x00, 0x00, 0x13, 0x23, 0x06, 0x07, 0x06, 0x10, 0x17, 0x16, 0x17, 0x33,
0x26, 0x02, 0x35, 0x34, 0x36, 0xe3, 0x43, 0x35, 0x1f, 0x23, 0x23, 0x1e, 0x35, 0x47, 0x38, 0x43, 0x51, 0x03, 0x2b, 0x5e,
0x6c, 0x7a, 0xfe, 0xf6, 0x7a, 0x69, 0x5e, 0x57, 0x01, 0x21, 0x4e, 0x87, 0xfc, 0x00, 0x00, 0x00, 0x00, 0x01, 0xff, 0xed,
0xff, 0x9c, 0x00, 0xaa, 0x03, 0x2b, 0x00, 0x0e, 0x00, 0x00, 0x13, 0x23, 0x1e, 0x01, 0x15, 0x14, 0x02, 0x07, 0x33, 0x36,
0x37, 0x36, 0x10, 0x27, 0x26, 0x33, 0x44, 0x27, 0x52, 0x43, 0x38, 0x47, 0x35, 0x1e, 0x23, 0x23, 0x1f, 0x03, 0x2b, 0x44,
0xfd, 0x88, 0x4e, 0xfe, 0xdf, 0x57, 0x5e, 0x69, 0x7a, 0x01, 0x0a, 0x7a, 0x6c, 0x00, 0x00, 0x00, 0x00, 0x01, 0x00, 0x18,
0x01, 0xc2, 0x00, 0xf8, 0x02, 0xbe, 0x00, 0x26, 0x00, 0x00, 0x13, 0x34, 0x2f, 0x01, 0x1f, 0x01, 0x37, 0x26, 0x2f, 0x01,
0x37, 0x36, 0x37, 0x27, 0x06, 0x0f, 0x01, 0x37, 0x36, 0x35, 0x23, 0x14, 0x16, 0x15, 0x17, 0x27, 0x26, 0x27, 0x07, 0x17,
0x07, 0x17, 0x36, 0x3f, 0x01, 0x07, 0x14, 0x06, 0x15, 0x9c, 0x01, 0x08, 0x37, 0x1b, 0x13, 0x1c, 0x06, 0x3b, 0x3a, 0x0e,
0x15, 0x13, 0x0f, 0x0c, 0x36, 0x07, 0x01, 0x26, 0x01, 0x07, 0x36, 0x04, 0x18, 0x14, 0x50, 0x50, 0x14, 0x0f, 0x0d, 0x36,
0x07, 0x01, 0x01, 0xc2, 0x20, 0x05, 0x44, 0x2a, 0x12, 0x24, 0x10, 0x03, 0x1a, 0x1b, 0x06, 0x0d, 0x25, 0x0a, 0x09, 0x2a,
0x44, 0x06, 0x1e, 0x0a, 0x1b, 0x01, 0x45, 0x2a, 0x04, 0x10, 0x24, 0x2c, 0x2d, 0x24, 0x09, 0x0a, 0x2a, 0x44, 0x01, 0x1c,
0x0a, 0x00, 0x00, 0x00, 0x00, 0x01, 0x00, 0x12, 0x00, 0x96, 0x01, 0xbd, 0x02, 0x37, 0x00, 0x0b, 0x00, 0x00, 0x01, 0x23,
0x15, 0x23, 0x15, 0x33, 0x15, 0x33, 0x35, 0x33, 0x35, 0x23, 0x01, 0x01, 0x3b, 0xb4, 0xb4, 0x3b, 0xbc, 0xbc, 0x02, 0x37,
0xb3, 0x3a, 0xb4, 0xb4, 0x3a, 0x00, 0x00, 0x00, 0x00, 0x01, 0x00, 0x0f, 0xff, 0xb7, 0x00, 0x4f, 0x00, 0x3f, 0x00, 0x06,
0x00, 0x00, 0x17, 0x33, 0x07, 0x33, 0x37, 0x35, 0x23, 0x0f, 0x20, 0x13, 0x1f, 0x14, 0x40, 0x01, 0x48, 0x4c, 0x3c, 0x00,
0x00, 0x01, 0x00, 0x0e, 0x01, 0x4a, 0x01, 0x5d, 0x01, 0x84, 0x00, 0x03, 0x00, 0x00, 0x01, 0x21, 0x15, 0x21, 0x01, 0x5d,
0xfe, 0xb1, 0x01, 0x4f, 0x01, 0x84, 0x3a, 0x00, 0x00, 0x01, 0x00, 0x0f, 0x00, 0x00, 0x00, 0x4d, 0x00, 0x41, 0x00, 0x03,
0x00, 0x00, 0x37, 0x23, 0x15, 0x33, 0x4d, 0x3e, 0x3e, 0x41, 0x41, 0x00, 0x00, 0x01, 0x00, 0x07, 0x00, 0x0b, 0x01, 0x33,
0x02, 0xc7, 0x00, 0x03, 0x00, 0x00, 0x01, 0x07, 0x03, 0x17, 0x01, 0x33, 0x4a, 0xe2, 0x47, 0x02, 0xc7, 0x01, 0xfd, 0x46,
0x01, 0x00, 0x00, 0x00, 0x00, 0x02, 0x00, 0x2d, 0x00, 0x00, 0x01, 0xe6, 0x02, 0xbc, 0x00, 0x07, 0x00, 0x0f, 0x00, 0x00,
0x13, 0x07, 0x13, 0x17, 0x3f, 0x01, 0x03, 0x27, 0x03, 0x27, 0x03, 0x3f, 0x01, 0x17, 0x13, 0x07, 0xb7, 0x8a, 0x02, 0x89,
0xa5, 0x89, 0x02, 0x8a, 0x8e, 0x61, 0x01, 0x60, 0x7c, 0x61, 0x02, 0x62, 0x02, 0xbc, 0x67, 0xfe, 0x0f, 0x64, 0x01, 0x66,
0x01, 0xf1, 0x64, 0xfd, 0x82, 0x45, 0x01, 0xb3, 0x47, 0x01, 0x45, 0xfe, 0x4d, 0x47, 0x00, 0x00, 0x00, 0x01, 0x00, 0x14,
0x00, 0x00, 0x01, 0x5c, 0x02, 0xbc, 0x00, 0x0b, 0x00, 0x00, 0x13, 0x23, 0x31, 0x07, 0x17, 0x37, 0x11, 0x23, 0x15, 0x21,
0x35, 0x23, 0xdb, 0x3e, 0x89, 0x2f, 0x5a, 0x80, 0x01, 0x3f, 0x81, 0x02, 0xbc, 0x97, 0x29, 0x64, 0xfd, 0xde, 0x3e, 0x3e,
0x00, 0x01, 0x00, 0x14, 0x00, 0x00, 0x01, 0xd0, 0x02, 0xbc, 0x00, 0x10, 0x00, 0x00, 0x01, 0x31, 0x2f, 0x01, 0x23, 0x07,
0x17, 0x3f, 0x01, 0x1f, 0x01, 0x01, 0x07, 0x21, 0x35, 0x21, 0x37, 0x01, 0xd0, 0x01, 0x8a, 0xa3, 0x8e, 0x3e, 0x62, 0x7d,
0x61, 0x01, 0xfe, 0xa6, 0x02, 0x01, 0x99, 0xfe, 0xa4, 0x01, 0x01, 0xbd, 0x9b, 0x64, 0x68, 0x20, 0x49, 0x01, 0x45, 0x60,
0xfe, 0xc2, 0x9b, 0x3e, 0x3d, 0x00, 0x00, 0x00, 0x00, 0x01, 0x00, 0x12, 0x00, 0x00, 0x01, 0xce, 0x02, 0xbd, 0x00, 0x18,
0x00, 0x00, 0x01, 0x27, 0x23, 0x07, 0x17, 0x3f, 0x01, 0x1f, 0x01, 0x07, 0x23, 0x15, 0x1f, 0x01, 0x0f, 0x01, 0x2f, 0x01,
0x07, 0x17, 0x33, 0x3f, 0x01, 0x27, 0x37, 0x01, 0xcd, 0x8a, 0xa3, 0x8e, 0x3e, 0x62, 0x7d, 0x61, 0x02, 0x61, 0x90, 0x90,
0x61, 0x02, 0x61, 0x7d, 0x62, 0x3e, 0x8e, 0xa3, 0x8a, 0x01, 0x60, 0x60, 0x02, 0x59, 0x64, 0x68, 0x20, 0x49, 0x01, 0x45,
0x5f, 0x48, 0x3e, 0x01, 0x47, 0x8a, 0x45, 0x01, 0x49, 0x20, 0x68, 0x64, 0xc8, 0x48, 0x48, 0x00, 0x00, 0x02, 0x00, 0x10,
0x00, 0x00, 0x02, 0x13, 0x02, 0xbc, 0x00, 0x0a, 0x00, 0x0e, 0x00, 0x00, 0x09, 0x01, 0x15, 0x21, 0x15, 0x33, 0x35, 0x33,
0x35, 0x23, 0x11, 0x07, 0x33, 0x11, 0x21, 0x01, 0x25, 0xfe, 0xeb, 0x01, 0x58, 0x3e, 0x6d, 0x6d, 0x5e, 0x20, 0xfe, 0xf4,
0x02, 0xbc, 0xfe, 0x2c, 0x3d, 0xab, 0xab, 0x3d, 0x01, 0xd4, 0x3e, 0xfe, 0x6a, 0x00, 0x00, 0x00, 0x00, 0x01, 0x00, 0x15,
0x00, 0x00, 0x01, 0xd1, 0x02, 0xbc, 0x00, 0x12, 0x00, 0x00, 0x13, 0x35, 0x21, 0x35, 0x21, 0x11, 0x33, 0x1f, 0x01, 0x0f,
0x01, 0x2f, 0x01, 0x07, 0x17, 0x33, 0x3f, 0x01, 0x27, 0x97, 0x01, 0x29, 0xfe, 0x99, 0x27, 0xb4, 0x61, 0x02, 0x61, 0x7d,
0x62, 0x3e, 0x8e, 0xa3, 0x8a, 0x01, 0x89, 0x01, 0x93, 0xeb, 0x3e, 0xfe, 0x99, 0x01, 0x47, 0x8a, 0x45, 0x01, 0x49, 0x20,
0x68, 0x64, 0xc8, 0x66, 0x00, 0x02, 0x00, 0x2d, 0x00, 0x08, 0x01, 0xe9, 0x02, 0xbc, 0x00, 0x11, 0x00, 0x1a, 0x00, 0x00,
0x13, 0x07, 0x35, 0x3f, 0x01, 0x17, 0x37, 0x27, 0x23, 0x07, 0x11, 0x33, 0x1f, 0x01, 0x3f, 0x01, 0x2f, 0x01, 0x03, 0x27,
0x3d, 0x01, 0x3f, 0x01, 0x1f, 0x01, 0x07, 0xb7, 0x4d, 0x60, 0x7c, 0x65, 0x3e, 0x8f, 0xa3, 0x8a, 0x01, 0x01, 0x89, 0xa5,
0x89, 0x02, 0x8a, 0x8e, 0x61, 0x5f, 0x7c, 0x61, 0x02, 0x62, 0x01, 0xb8, 0x39, 0xb7, 0x47, 0x01, 0x4a, 0x20, 0x68, 0x67,
0xfe, 0x60, 0x49, 0x64, 0x01, 0x66, 0xe6, 0x63, 0xfe, 0x8e, 0x45, 0x2a, 0x7e, 0x47, 0x01, 0x45, 0xa8, 0x47, 0x00, 0x00,
0x00, 0x01, 0x00, 0x18, 0x00, 0x00, 0x01, 0xa1, 0x02, 0xbc, 0x00, 0x07, 0x00, 0x00, 0x13, 0x15, 0x37, 0x17, 0x01, 0x33,
0x01, 0x27, 0x18, 0xe6, 0x57, 0xfe, 0xf0, 0x45, 0x01, 0x17, 0x8f, 0x02, 0xbc, 0x3f, 0x01, 0x3f, 0xfd, 0xc1, 0x02, 0x54,
0x68, 0x00, 0x00, 0x00, 0x00, 0x03, 0x00, 0x2b, 0x00, 0x08, 0x01, 0xe4, 0x02, 0xbc, 0x00, 0x0d, 0x00, 0x15, 0x00, 0x1d,
0x00, 0x00, 0x01, 0x2f, 0x01, 0x0f, 0x01, 0x1f, 0x01, 0x07, 0x1f, 0x01, 0x3f, 0x01, 0x2f, 0x01, 0x03, 0x37, 0x1f, 0x01,
0x0f, 0x01, 0x2f, 0x01, 0x13, 0x2f, 0x01, 0x3f, 0x01, 0x1f, 0x01, 0x07, 0x01, 0xe4, 0x02, 0x8a, 0xa4, 0x89, 0x02, 0x5f,
0x61, 0x02, 0x89, 0xa5, 0x89, 0x02, 0x5f, 0xba, 0x7b, 0x61, 0x02, 0x60, 0x7d, 0x61, 0x01, 0x62, 0x61, 0x01, 0x60, 0x7c,
0x61, 0x02, 0x62, 0x01, 0xbf, 0x99, 0x64, 0x01, 0x66, 0x99, 0x45, 0x48, 0xc3, 0x64, 0x01, 0x66, 0xc3, 0x45, 0x01, 0x06,
0x01, 0x45, 0x5b, 0x47, 0x01, 0x45, 0x5b, 0xfe, 0x10, 0x45, 0x85, 0x47, 0x01, 0x45, 0x85, 0x47, 0x00, 0x02, 0x00, 0x25,
0x00, 0x08, 0x01, 0xe1, 0x02, 0xbc, 0x00, 0x11, 0x00, 0x1a, 0x00, 0x00, 0x01, 0x27, 0x0f, 0x01, 0x1f, 0x01, 0x33, 0x37,
0x17, 0x0f, 0x01, 0x27, 0x07, 0x17, 0x33, 0x37, 0x11, 0x23, 0x05, 0x2f, 0x01, 0x3f, 0x01, 0x17, 0x15, 0x17, 0x07, 0x01,
0xe0, 0x8a, 0xa4, 0x89, 0x01, 0x8a, 0xa3, 0x4d, 0x01, 0x61, 0x7c, 0x65, 0x3e, 0x8f, 0xa3, 0x8a, 0x01, 0xfe, 0xe8, 0x61,
0x02, 0x62, 0x7b, 0x61, 0x01, 0x60, 0x02, 0x58, 0x64, 0x01, 0x66, 0xe5, 0x64, 0x39, 0xb7, 0x47, 0x01, 0x4a, 0x20, 0x68,
0x67, 0x01, 0xa0, 0xc5, 0x45, 0xa7, 0x47, 0x01, 0x45, 0x29, 0x7f, 0x46, 0x00, 0x02, 0x00, 0x16, 0xff, 0xff, 0x00, 0x54,
0x01, 0x87, 0x00, 0x03, 0x00, 0x07, 0x00, 0x00, 0x13, 0x23, 0x15, 0x33, 0x11, 0x23, 0x15, 0x33, 0x54, 0x3e, 0x3e, 0x3e,
0x3e, 0x01, 0x87, 0x41, 0xfe, 0xfa, 0x41, 0x00, 0x00, 0x02, 0x00, 0x15, 0xff, 0xb7, 0x00, 0x55, 0x01, 0x87, 0x00, 0x03,
0x00, 0x0a, 0x00, 0x00, 0x13, 0x23, 0x15, 0x33, 0x03, 0x33, 0x07, 0x33, 0x37, 0x35, 0x23, 0x54, 0x3e, 0x3e, 0x3f, 0x20,
0x13, 0x1f, 0x14, 0x40, 0x01, 0x87, 0x41, 0xfe, 0xb9, 0x48, 0x4c, 0x3c, 0x00, 0x01, 0x00, 0x13, 0x00, 0x96, 0x01, 0xe2,
0x02, 0x2b, 0x00, 0x06, 0x00, 0x00, 0x2d, 0x02, 0x27, 0x05, 0x15, 0x05, 0x01, 0xe2, 0xfe, 0x84, 0x01, 0x7c, 0x11, 0xfe,
0x42, 0x01, 0xbe, 0xce, 0x93, 0x92, 0x38, 0xae, 0x3a, 0xad, 0x00, 0x00, 0x00, 0x02, 0x00, 0x14, 0x00, 0xe8, 0x01, 0xcd,
0x01, 0xd5, 0x00, 0x03, 0x00, 0x07, 0x00, 0x00, 0x01, 0x21, 0x15, 0x21, 0x15, 0x21, 0x15, 0x21, 0x01, 0xcd, 0xfe, 0x47,
0x01, 0xb9, 0xfe, 0x47, 0x01, 0xb9, 0x01, 0xd5, 0x3b, 0x78, 0x3a, 0x00, 0x00, 0x01, 0x00, 0x17, 0x00, 0x96, 0x01, 0xe6,
0x02, 0x2b, 0x00, 0x06, 0x00, 0x00, 0x13, 0x0d, 0x01, 0x17, 0x25, 0x35, 0x25, 0x17, 0x01, 0x7c, 0xfe, 0x84, 0x11, 0x01,
0xbe, 0xfe, 0x42, 0x01, 0xf3, 0x92, 0x93, 0x38, 0xae, 0x3a, 0xad, 0x00, 0x00, 0x02, 0x00, 0x24, 0x00, 0x00, 0x01, 0x55,
0x02, 0xbc, 0x00, 0x03, 0x00, 0x12, 0x00, 0x00, 0x37, 0x23, 0x15, 0x33, 0x13, 0x23, 0x15, 0x37, 0x1f, 0x01, 0x07, 0x2b,
0x01, 0x15, 0x33, 0x35, 0x33, 0x37, 0x27, 0x62, 0x3e, 0x3e, 0x67, 0xa3, 0x8f, 0x61, 0x02, 0x60, 0x53, 0x3e, 0x3e, 0x67,
0x89, 0x02, 0x41, 0x41, 0x02, 0xbc, 0x3f, 0x01, 0x45, 0x7c, 0x48, 0xc6, 0x88, 0x67, 0xba, 0x00, 0x00, 0x02, 0x00, 0x2c,
0xff, 0x46, 0x03, 0x2f, 0x02, 0x9b, 0x00, 0x1a, 0x00, 0x22, 0x00, 0x00, 0x37, 0x11, 0x37, 0x21, 0x11, 0x23, 0x11, 0x23,
0x15, 0x27, 0x0f, 0x01, 0x13, 0x17, 0x33, 0x37, 0x15, 0x3b, 0x01, 0x11, 0x21, 0x07, 0x11, 0x05, 0x21, 0x35, 0x21, 0x25,
0x0f, 0x01, 0x2f, 0x01, 0x37, 0x33, 0x17, 0x76, 0xa4, 0x01, 0xcc, 0x5a, 0x3e, 0x51, 0xa4, 0x89, 0x02, 0x89, 0xa4, 0x4f,
0x35, 0xac, 0xfd, 0xcb, 0xce, 0x01, 0x08, 0x01, 0xfb, 0xfe, 0x1f, 0x01, 0x00, 0x62, 0x7d, 0x61, 0x01, 0x60, 0x7c, 0x65,
0x26, 0x01, 0xb9, 0x7e, 0xfd, 0xe2, 0x01, 0xc1, 0x3b, 0x3b, 0x01, 0x66, 0xfe, 0xcc, 0x64, 0x3b, 0x3b, 0x02, 0x9a, 0x9d,
0xfd, 0xfe, 0xb6, 0x49, 0xfa, 0x49, 0x01, 0x45, 0xf6, 0x48, 0x49, 0x00, 0x00, 0x02, 0x00, 0x0c, 0x00, 0x00, 0x02, 0x64,
0x02, 0xbc, 0x00, 0x0b, 0x00, 0x0f, 0x00, 0x00, 0x01, 0x03, 0x15, 0x33, 0x35, 0x37, 0x21, 0x17, 0x15, 0x33, 0x35, 0x03,
0x07, 0x33, 0x13, 0x21, 0x01, 0x03, 0xf7, 0x3e, 0x1a, 0x01, 0xa8, 0x1a, 0x3e, 0xf7, 0x42, 0x1a, 0xaa, 0xfe, 0x92, 0x02,
0xbc, 0xfd, 0xea, 0xa6, 0x98, 0x38, 0x38, 0x98, 0xa6, 0x02, 0x16, 0x3e, 0xfe, 0x91, 0x00, 0x00, 0x00, 0x03, 0x00, 0x32,
0x00, 0x00, 0x02, 0x3d, 0x02, 0xbc, 0x00, 0x08, 0x00, 0x0e, 0x00, 0x14, 0x00, 0x00, 0x01, 0x21, 0x11, 0x21, 0x37, 0x35,
0x27, 0x37, 0x35, 0x03, 0x07, 0x21, 0x35, 0x21, 0x17, 0x27, 0x21, 0x11, 0x21, 0x17, 0x15, 0x01, 0x85, 0xfe, 0xad, 0x01,
0x53, 0xb8, 0x8d, 0x8d, 0x3e, 0x8f, 0xff, 0x00, 0x01, 0x00, 0x8f, 0x8f, 0xff, 0x00, 0x01, 0x00, 0x8f, 0x02, 0xbc, 0xfd,
0x44, 0x86, 0x6a, 0x67, 0x66, 0x79, 0xfe, 0x71, 0x68, 0xf8, 0x67, 0xa6, 0x01, 0x07, 0x68, 0x37, 0x00, 0x01, 0x00, 0x23,
0x00, 0x00, 0x02, 0x86, 0x02, 0xbc, 0x00, 0x0f, 0x00, 0x00, 0x25, 0x27, 0x11, 0x37, 0x33, 0x17, 0x37, 0x27, 0x23, 0x07,
0x11, 0x17, 0x33, 0x37, 0x27, 0x07, 0x00, 0xff, 0x97, 0x97, 0xba, 0x97, 0x36, 0xb8, 0xe3, 0xc8, 0xc8, 0xe3, 0xb8, 0x36,
0x97, 0x3f, 0x6e, 0x01, 0x62, 0x6e, 0x6e, 0x27, 0x86, 0x91, 0xfe, 0x66, 0x91, 0x86, 0x27, 0x6e, 0x00, 0x02, 0x00, 0x32,
0x00, 0x00, 0x02, 0x4f, 0x02, 0xbc, 0x00, 0x05, 0x00, 0x0b, 0x00, 0x00, 0x01, 0x21, 0x11, 0x21, 0x37, 0x0b, 0x01, 0x21,
0x11, 0x21, 0x17, 0x11, 0x01, 0x88, 0xfe, 0xaa, 0x01, 0x56, 0xc7, 0x02, 0xd9, 0xfe, 0xfc, 0x01, 0x04, 0x97, 0x02, 0xbc,
0xfd, 0x44, 0x90, 0x01, 0x9d, 0xfe, 0x12, 0x02, 0x3e, 0x6e, 0xfe, 0x9e, 0x00, 0x01, 0x00, 0x32, 0x00, 0x00, 0x02, 0x3a,
0x02, 0xba, 0x00, 0x0c, 0x00, 0x00, 0x13, 0x21, 0x35, 0x21, 0x35, 0x21, 0x35, 0x21, 0x11, 0x33, 0x21, 0x35, 0x21, 0x70,
0x01, 0x88, 0xfe, 0x78, 0x01, 0xc9, 0xfd, 0xf9, 0x04, 0x02, 0x04, 0xfe, 0x36, 0x01, 0x4d, 0x3f, 0xef, 0x3f, 0xfd, 0x46,
0x3e, 0x00, 0x00, 0x00, 0x00, 0x01, 0x00, 0x32, 0x00, 0x00, 0x02, 0x39, 0x02, 0xba, 0x00, 0x09, 0x00, 0x00, 0x01, 0x21,
0x11, 0x33, 0x11, 0x21, 0x35, 0x21, 0x35, 0x21, 0x02, 0x39, 0xfd, 0xf9, 0x3e, 0x01, 0x88, 0xfe, 0x78, 0x01, 0xc9, 0x02,
0xba, 0xfd, 0x46, 0x01, 0x4d, 0x3f, 0xef, 0x00, 0x00, 0x01, 0x00, 0x23, 0x00, 0x00, 0x02, 0x86, 0x02, 0xbc, 0x00, 0x14,
0x00, 0x00, 0x01, 0x15, 0x33, 0x15, 0x07, 0x23, 0x27, 0x11, 0x37, 0x33, 0x17, 0x37, 0x27, 0x23, 0x07, 0x11, 0x17, 0x33,
0x37, 0x3d, 0x01, 0x01, 0x55, 0xf3, 0x8e, 0xbb, 0x96, 0x96, 0xbb, 0x96, 0x36, 0xb8, 0xe3, 0xc8, 0xc8, 0xe3, 0xb8, 0x01,
0x65, 0x3e, 0x80, 0x68, 0x6e, 0x01, 0x62, 0x6e, 0x6e, 0x27, 0x86, 0x91, 0xfe, 0x66, 0x91, 0x86, 0xd8, 0x07, 0x00, 0x00,
0x00, 0x01, 0x00, 0x32, 0x00, 0x00, 0x02, 0x58, 0x02, 0xbc, 0x00, 0x0b, 0x00, 0x00, 0x01, 0x21, 0x11, 0x23, 0x11, 0x33,
0x11, 0x21, 0x11, 0x33, 0x11, 0x23, 0x02, 0x1a, 0xfe, 0x56, 0x3e, 0x3e, 0x01, 0xaa, 0x3e, 0x3e, 0x01, 0x8c, 0x01, 0x30,
0xfd, 0x44, 0x01, 0x4d, 0xfe, 0xb3, 0x02, 0xbc, 0x00, 0x01, 0x00, 0x07, 0x00, 0x00, 0x01, 0x40, 0x02, 0xbc, 0x00, 0x0b,
0x00, 0x00, 0x01, 0x21, 0x15, 0x33, 0x11, 0x23, 0x15, 0x21, 0x35, 0x23, 0x11, 0x33, 0x01, 0x40, 0xfe, 0xc7, 0x80, 0x80,
0x01, 0x39, 0x7b, 0x7b, 0x02, 0xbc, 0x3e, 0xfd, 0xc0, 0x3e, 0x3e, 0x02, 0x40, 0x00, 0x00, 0x00, 0x00, 0x01, 0xff, 0xfa,
0x00, 0x00, 0x02, 0x4f, 0x02, 0xbc, 0x00, 0x0b, 0x00, 0x00, 0x13, 0x21, 0x11, 0x07, 0x23, 0x27, 0x07, 0x17, 0x33, 0x37,
0x11, 0x21, 0x8d, 0x01, 0x84, 0x90, 0xba, 0x97, 0x36, 0xb8, 0xe3, 0xba, 0xfe, 0x3e, 0x02, 0x7e, 0xfe, 0x2a, 0x69, 0x6e,
0x27, 0x86, 0x87, 0x02, 0x35, 0x00, 0x00, 0x00, 0x00, 0x01, 0x00, 0x32, 0x00, 0x00, 0x02, 0x47, 0x02, 0xbc, 0x00, 0x0e,
0x00, 0x00, 0x01, 0x03, 0x23, 0x11, 0x23, 0x11, 0x33, 0x11, 0x21, 0x17, 0x15, 0x33, 0x11, 0x27, 0x13, 0x01, 0xff, 0x9d,
0xf2, 0x3e, 0x3e, 0x01, 0x07, 0x91, 0x3c, 0xa1, 0xa4, 0x02, 0xbc, 0xfe, 0xc8, 0x01, 0x38, 0xfd, 0x44, 0x01, 0x45, 0x69,
0xdc, 0x00, 0xff, 0x75, 0x01, 0x48, 0x00, 0x00, 0x00, 0x01, 0x00, 0x32, 0x00, 0x00, 0x02, 0x3a, 0x02, 0xbc, 0x00, 0x06,
0x00, 0x00, 0x13, 0x23, 0x11, 0x33, 0x21, 0x35, 0x21, 0x70, 0x3e, 0x04, 0x02, 0x04, 0xfe, 0x36, 0x02, 0xbc, 0xfd, 0x44,
0x3e, 0x00, 0x00, 0x00, 0x00, 0x01, 0x00, 0x32, 0x00, 0x00, 0x02, 0xf0, 0x02, 0xbc, 0x00, 0x0c, 0x00, 0x00, 0x09, 0x01,
0x23, 0x11, 0x33, 0x11, 0x13, 0x33, 0x01, 0x11, 0x33, 0x11, 0x23, 0x01, 0x8c, 0xfe, 0xe4, 0x3e, 0x3e, 0xf6, 0x4c, 0x01,
0x00, 0x3e, 0x3e, 0x01, 0x22, 0x01, 0x9a, 0xfd, 0x44, 0x02, 0x49, 0xfe, 0xa0, 0x01, 0x67, 0xfd, 0xb0, 0x02, 0xbc, 0x00,
0x00, 0x01, 0x00, 0x32, 0x00, 0x00, 0x02, 0xa4, 0x02, 0xbc, 0x00, 0x09, 0x00, 0x00, 0x25, 0x01, 0x23, 0x11, 0x33, 0x11,
0x01, 0x33, 0x11, 0x23, 0x02, 0x65, 0xfe, 0x15, 0x48, 0x3e, 0x01, 0xeb, 0x49, 0x3f, 0x55, 0x02, 0x67, 0xfd, 0x44, 0x02,
0x67, 0xfd, 0x99, 0x02, 0xbc, 0x00, 0x00, 0x00, 0x00, 0x02, 0x00, 0x24, 0x00, 0x06, 0x02, 0x78, 0x02, 0xb8, 0x00, 0x07,
0x00, 0x0f, 0x00, 0x00, 0x13, 0x07, 0x11, 0x17, 0x33, 0x37, 0x11, 0x27, 0x03, 0x23, 0x27, 0x11, 0x37, 0x33, 0x17, 0x11,
0xde, 0xba, 0xba, 0xe0, 0xba, 0xba, 0x14, 0xb8, 0x90, 0x90, 0xb8, 0x90, 0x02, 0xb8, 0x88, 0xfe, 0x5d, 0x87, 0x87, 0x01,
0xa3, 0x88, 0xfd, 0x8c, 0x69, 0x01, 0x64, 0x68, 0x68, 0xfe, 0x9c, 0x00, 0x00, 0x02, 0x00, 0x32, 0x00, 0x00, 0x02, 0x4e,
0x02, 0xbc, 0x00, 0x07, 0x00, 0x0d, 0x00, 0x00, 0x13, 0x11, 0x33, 0x35, 0x21, 0x37, 0x35, 0x27, 0x03, 0x21, 0x11, 0x21,
0x17, 0x15, 0x32, 0x3e, 0x01, 0x26, 0xb8, 0xb8, 0x14, 0xfe, 0xee, 0x01, 0x12, 0x8e, 0x02, 0xbc, 0xfd, 0x44, 0xf0, 0x85,
0xc1, 0x86, 0xfe, 0x73, 0x01, 0x4e, 0x68, 0x7f, 0x00, 0x02, 0x00, 0x24, 0xff, 0xc5, 0x02, 0x88, 0x02, 0xb8, 0x00, 0x0b,
0x00, 0x17, 0x00, 0x00, 0x25, 0x11, 0x27, 0x23, 0x07, 0x11, 0x17, 0x33, 0x37, 0x17, 0x37, 0x2f, 0x01, 0x17, 0x07, 0x23,
0x27, 0x11, 0x37, 0x33, 0x17, 0x11, 0x07, 0x27, 0x02, 0x78, 0xba, 0xe0, 0xba, 0xba, 0xe0, 0x42, 0x56, 0x32, 0x56, 0x8f,
0x36, 0x2f, 0xb8, 0x90, 0x90, 0xb8, 0x90, 0x2e, 0x38, 0x8d, 0x01, 0xa3, 0x88, 0x88, 0xfe, 0x5d, 0x87, 0x2f, 0x70, 0x27,
0x6e, 0x53, 0x47, 0x22, 0x68, 0x01, 0x65, 0x68, 0x68, 0xfe, 0x9c, 0x22, 0x48, 0x00, 0x00, 0x00, 0x00, 0x02, 0x00, 0x32,
0x00, 0x00, 0x02, 0x4e, 0x02, 0xbc, 0x00, 0x0c, 0x00, 0x12, 0x00, 0x00, 0x01, 0x21, 0x11, 0x33, 0x35, 0x21, 0x17, 0x15,
0x33, 0x35, 0x27, 0x37, 0x35, 0x03, 0x21, 0x11, 0x21, 0x17, 0x15, 0x01, 0x96, 0xfe, 0x9c, 0x3e, 0x01, 0x12, 0x91, 0x3b,
0x8d, 0x8d, 0xcc, 0xfe, 0xee, 0x01, 0x12, 0x8e, 0x02, 0xbc, 0xfd, 0x44, 0xef, 0x69, 0x86, 0xa9, 0x66, 0x66, 0xc1, 0xfe,
0xf9, 0x01, 0x4e, 0x68, 0x7f, 0x00, 0x00, 0x00, 0x00, 0x01, 0x00, 0x19, 0xff, 0xfc, 0x02, 0x6c, 0x02, 0xbc, 0x00, 0x13,
0x00, 0x00, 0x13, 0x33, 0x17, 0x37, 0x27, 0x23, 0x07, 0x15, 0x05, 0x15, 0x07, 0x23, 0x27, 0x07, 0x17, 0x33, 0x37, 0x35,
0x25, 0x35, 0xe6, 0xba, 0x97, 0x35, 0xb8, 0xe3, 0xb8, 0x02, 0x15, 0x8e, 0xba, 0x97, 0x36, 0xb8, 0xe3, 0xb8, 0xfd, 0xeb,
0x02, 0x7d, 0x6e, 0x27, 0x86, 0x86, 0xb1, 0x8e, 0x54, 0x68, 0x6e, 0x27, 0x86, 0x86, 0xa4, 0x8f, 0x60, 0x00, 0x00, 0x00,
0x00, 0x01, 0xff, 0xfa, 0x00, 0x00, 0x02, 0x37, 0x02, 0xbc, 0x00, 0x07, 0x00, 0x00, 0x03, 0x21, 0x11, 0x33, 0x11, 0x21,
0x35, 0x21, 0x06, 0x00, 0xff, 0x3f, 0x00, 0xff, 0xfd, 0xc3, 0x02, 0x7e, 0xfd, 0x82, 0x02, 0x7e, 0x3e, 0x00, 0x00, 0x00,
0x00, 0x01, 0x00, 0x2b, 0x00, 0x00, 0x02, 0x80, 0x02, 0xbc, 0x00, 0x0b, 0x00, 0x00, 0x25, 0x07, 0x23, 0x27, 0x11, 0x23,
0x11, 0x17, 0x33, 0x37, 0x11, 0x23, 0x02, 0x42, 0x90, 0xba, 0x8f, 0x3e, 0xb8, 0xe4, 0xb9, 0x3e, 0xa8, 0x69, 0x68, 0x02,
0x15, 0xfd, 0xca, 0x86, 0x87, 0x02, 0x35, 0x00, 0x00, 0x01, 0x00, 0x0b, 0x00, 0x00, 0x02, 0x63, 0x02, 0xbc, 0x00, 0x0b,
0x00, 0x00, 0x01, 0x03, 0x23, 0x03, 0x35, 0x23, 0x15, 0x13, 0x33, 0x13, 0x35, 0x23, 0x02, 0x25, 0xe1, 0x1a, 0xe1, 0x3e,
0xf7, 0x6a, 0xf7, 0x3e, 0x02, 0x24, 0xfe, 0x1a, 0x01, 0xe6, 0x98, 0xa5, 0xfd, 0xe9, 0x02, 0x16, 0xa6, 0x00, 0x00, 0x00,
0x00, 0x01, 0x00, 0x2b, 0x00, 0x00, 0x04, 0x19, 0x02, 0xbc, 0x00, 0x14, 0x00, 0x00, 0x25, 0x07, 0x23, 0x27, 0x11, 0x23,
0x11, 0x07, 0x23, 0x27, 0x11, 0x23, 0x11, 0x17, 0x33, 0x37, 0x17, 0x33, 0x37, 0x11, 0x23, 0x03, 0xdb, 0x90, 0x7b, 0x8f,
0x3e, 0x90, 0x7b, 0x8f, 0x3e, 0xb8, 0xa4, 0x9a, 0x9a, 0xa4, 0xba, 0x3e, 0xa8, 0x69, 0x68, 0x02, 0x15, 0xfd, 0xec, 0x69,
0x68, 0x02, 0x15, 0xfd, 0xca, 0x86, 0x70, 0x70, 0x87, 0x02, 0x35, 0x00, 0x00, 0x01, 0xff, 0xfc, 0x00, 0x00, 0x02, 0xa6,
0x02, 0xbc, 0x00, 0x0b, 0x00, 0x00, 0x01, 0x0b, 0x01, 0x23, 0x09, 0x01, 0x33, 0x01, 0x13, 0x33, 0x09, 0x01, 0x02, 0x50,
0xfe, 0xfb, 0x56, 0x01, 0x26, 0xfe, 0xd5, 0x56, 0x01, 0x00, 0xfe, 0x56, 0xfe, 0xd7, 0x01, 0x29, 0x02, 0xbc, 0xfe, 0xd6,
0x01, 0x2a, 0xfe, 0xa4, 0xfe, 0xa0, 0x01, 0x2d, 0xfe, 0xd3, 0x01, 0x60, 0x01, 0x5c, 0x00, 0x00, 0x00, 0x01, 0x00, 0x08,
0x00, 0x00, 0x02, 0x16, 0x02, 0xbc, 0x00, 0x0c, 0x00, 0x00, 0x01, 0x07, 0x27, 0x35, 0x23, 0x15, 0x17, 0x11, 0x33, 0x11,
0x37, 0x35, 0x23, 0x01, 0xd7, 0xc5, 0xcc, 0x3e, 0xeb, 0x3e, 0xe5, 0x3f, 0x02, 0x24, 0xc6, 0xc6, 0x98, 0xb3, 0xe5, 0xfe,
0xdc, 0x01, 0x24, 0xe5, 0xb3, 0x00, 0x00, 0x00, 0x00, 0x01, 0x00, 0x09, 0xff, 0xff, 0x02, 0x2a, 0x02, 0xbc, 0x00, 0x09,
0x00, 0x00, 0x13, 0x15, 0x21, 0x01, 0x15, 0x21, 0x35, 0x21, 0x01, 0x35, 0x09, 0x01, 0xd0, 0xfe, 0x30, 0x02, 0x21, 0xfe,
0x2b, 0x01, 0xd5, 0x02, 0xbc, 0x3f, 0xfd, 0xc5, 0x43, 0x3e, 0x02, 0x40, 0x3f, 0x00, 0x00, 0x00, 0x00, 0x01, 0x00, 0x32,
0xff, 0x9c, 0x00, 0xe3, 0x03, 0x1c, 0x00, 0x07, 0x00, 0x00, 0x13, 0x23, 0x11, 0x33, 0x35, 0x23, 0x11, 0x33, 0xe3, 0xb1,
0xb1, 0x6b, 0x6b, 0x03, 0x1c, 0xfc, 0x80, 0x46, 0x02, 0xf4, 0x00, 0x00, 0x00, 0x01, 0x00, 0x02, 0x00, 0x0b, 0x01, 0x2e,
0x02, 0xc7, 0x00, 0x03, 0x00, 0x00, 0x37, 0x17, 0x03, 0x07, 0xe4, 0x4a, 0xe5, 0x47, 0x0c, 0x01, 0x02, 0xbc, 0x01, 0x00,
0x00, 0x01, 0xff, 0xc7, 0xff, 0x9c, 0x00, 0x78, 0x03, 0x1c, 0x00, 0x07, 0x00, 0x00, 0x03, 0x33, 0x11, 0x23, 0x15, 0x33,
0x11, 0x23, 0x39, 0x6b, 0x6b, 0xb1, 0xb1, 0x02, 0xd6, 0xfd, 0x0c, 0x46, 0x03, 0x80, 0x00, 0x00, 0x00, 0x01, 0x00, 0x32,
0xff, 0x6a, 0x02, 0x5f, 0xff, 0xa9, 0x00, 0x03, 0x00, 0x00, 0x05, 0x21, 0x15, 0x21, 0x02, 0x5f, 0xfd, 0xd3, 0x02, 0x2d,
0x57, 0x3f, 0x00, 0x00, 0x00, 0x02, 0x00, 0x22, 0x00, 0x01, 0x01, 0xde, 0x01, 0xff, 0x00, 0x0b, 0x00, 0x13, 0x00, 0x00,
0x01, 0x27, 0x0f, 0x01, 0x13, 0x17, 0x33, 0x37, 0x15, 0x33, 0x11, 0x23, 0x11, 0x0f, 0x01, 0x2f, 0x01, 0x37, 0x33, 0x17,
0x01, 0xa0, 0x51, 0xa4, 0x89, 0x02, 0x89, 0xa4, 0x4f, 0x3e, 0x3e, 0x62, 0x7d, 0x61, 0x01, 0x60, 0x7c, 0x65, 0x01, 0xc4,
0x3b, 0x01, 0x66, 0xfe, 0xcc, 0x63, 0x3a, 0x3a, 0x01, 0xfe, 0xfe, 0x89, 0x49, 0x01, 0x45, 0xf6, 0x48, 0x49, 0x00, 0x00,
0x00, 0x02, 0x00, 0x2d, 0x00, 0x01, 0x01, 0xea, 0x02, 0xbe, 0x00, 0x0b, 0x00, 0x13, 0x00, 0x00, 0x01, 0x23, 0x07, 0x35,
0x23, 0x11, 0x33, 0x35, 0x17, 0x33, 0x37, 0x03, 0x01, 0x2f, 0x01, 0x37, 0x33, 0x1f, 0x01, 0x07, 0x01, 0x5e, 0xa4, 0x4f,
0x3e, 0x3e, 0x51, 0xa4, 0x8a, 0x02, 0xfe, 0xe8, 0x61, 0x01, 0x61, 0x7b, 0x61, 0x02, 0x60, 0x01, 0xff, 0x3c, 0xfb, 0xfd,
0x43, 0x3b, 0x3b, 0x67, 0x01, 0x34, 0xfe, 0xa2, 0x45, 0xf6, 0x48, 0x44, 0xf6, 0x48, 0x00, 0x00, 0x00, 0x01, 0x00, 0x22,
0x00, 0x01, 0x01, 0xde, 0x01, 0xff, 0x00, 0x0f, 0x00, 0x00, 0x37, 0x2f, 0x01, 0x37, 0x33, 0x17, 0x37, 0x27, 0x0f, 0x01,
0x13, 0x17, 0x33, 0x37, 0x27, 0x07, 0xc1, 0x61, 0x02, 0x61, 0x7c, 0x65, 0x3e, 0x8f, 0xa4, 0x89, 0x02, 0x89, 0xa4, 0x8d,
0x3e, 0x62, 0x3e, 0x45, 0xf6, 0x48, 0x49, 0x20, 0x67, 0x01, 0x66, 0xfe, 0xcc, 0x63, 0x67, 0x20, 0x49, 0x00, 0x00, 0x00,
0x00, 0x02, 0x00, 0x22, 0x00, 0x01, 0x01, 0xdb, 0x02, 0xbe, 0x00, 0x0b, 0x00, 0x14, 0x00, 0x00, 0x01, 0x27, 0x23, 0x07,
0x13, 0x17, 0x33, 0x37, 0x15, 0x33, 0x11, 0x23, 0x03, 0x07, 0x2f, 0x01, 0x37, 0x33, 0x1f, 0x01, 0x15, 0x01, 0x9d, 0x4e,
0xa4, 0x89, 0x02, 0x89, 0xa4, 0x4c, 0x3e, 0x3e, 0x5f, 0x7d, 0x61, 0x02, 0x62, 0x7b, 0x61, 0x01, 0x01, 0xc7, 0x38, 0x67,
0xfe, 0xcc, 0x63, 0x38, 0x38, 0x02, 0xbd, 0xfd, 0x81, 0x01, 0x45, 0xf6, 0x48, 0x44, 0x3b, 0xbc, 0x00, 0x02, 0x00, 0x22,
0x00, 0x01, 0x01, 0xde, 0x01, 0xff, 0x00, 0x0d, 0x00, 0x13, 0x00, 0x00, 0x25, 0x07, 0x2f, 0x01, 0x21, 0x2f, 0x01, 0x0f,
0x01, 0x13, 0x17, 0x33, 0x37, 0x27, 0x03, 0x33, 0x17, 0x15, 0x21, 0x35, 0x01, 0x3e, 0x7d, 0x61, 0x01, 0x01, 0x7c, 0x02,
0x8a, 0xa4, 0x89, 0x02, 0x89, 0xa4, 0x8d, 0x3e, 0xe1, 0x7c, 0x61, 0xfe, 0xc3, 0x3f, 0x01, 0x45, 0x79, 0xa0, 0x63, 0x01,
0x66, 0xfe, 0xcc, 0x63, 0x67, 0x20, 0x01, 0x39, 0x44, 0x43, 0x3f, 0x00, 0x00, 0x01, 0x00, 0x10, 0x00, 0x01, 0x01, 0x2a,
0x02, 0xbe, 0x00, 0x0f, 0x00, 0x00, 0x01, 0x0f, 0x01, 0x15, 0x23, 0x15, 0x33, 0x11, 0x33, 0x03, 0x33, 0x35, 0x23, 0x35,
0x37, 0x33, 0x01, 0x2a, 0x5d, 0x89, 0x34, 0x34, 0x3e, 0x01, 0xa9, 0xa9, 0x60, 0x49, 0x02, 0xbe, 0x01, 0x66, 0x59, 0x3e,
0xfe, 0x41, 0x01, 0xbf, 0x3e, 0x3a, 0x48, 0x00, 0x00, 0x02, 0x00, 0x1e, 0xff, 0x4c, 0x01, 0xda, 0x01, 0xff, 0x00, 0x11,
0x00, 0x1a, 0x00, 0x00, 0x01, 0x27, 0x23, 0x07, 0x13, 0x17, 0x33, 0x37, 0x17, 0x0f, 0x01, 0x27, 0x07, 0x17, 0x33, 0x37,
0x11, 0x23, 0x03, 0x2f, 0x01, 0x37, 0x33, 0x1f, 0x01, 0x15, 0x07, 0x01, 0x9c, 0x4d, 0xa4, 0x89, 0x01, 0x8a, 0xa3, 0x4d,
0x01, 0x61, 0x7c, 0x65, 0x3e, 0x8f, 0xa3, 0x8a, 0x3e, 0xdb, 0x61, 0x02, 0x62, 0x7b, 0x61, 0x01, 0x60, 0x01, 0xc7, 0x38,
0x67, 0xfe, 0xcc, 0x63, 0x39, 0x68, 0x48, 0x01, 0x4a, 0x20, 0x67, 0x67, 0x02, 0x4c, 0xfe, 0x3f, 0x45, 0xf6, 0x48, 0x44,
0x68, 0x8f, 0x47, 0x00, 0x00, 0x01, 0x00, 0x2d, 0x00, 0x01, 0x01, 0xe6, 0x02, 0xbf, 0x00, 0x0f, 0x00, 0x00, 0x01, 0x27,
0x0f, 0x01, 0x35, 0x23, 0x11, 0x33, 0x3d, 0x02, 0x3f, 0x01, 0x17, 0x11, 0x33, 0x01, 0xe4, 0x8a, 0xa4, 0x4b, 0x3e, 0x3e,
0x5f, 0x7d, 0x60, 0x3f, 0x01, 0x97, 0x64, 0x01, 0x38, 0xfd, 0xfd, 0x42, 0x7b, 0x59, 0xa1, 0x46, 0x01, 0x45, 0xfe, 0x89,
0x00, 0x02, 0x00, 0x2d, 0x00, 0x01, 0x00, 0x6b, 0x02, 0x94, 0x00, 0x03, 0x00, 0x07, 0x00, 0x00, 0x13, 0x23, 0x11, 0x33,
0x11, 0x23, 0x15, 0x33, 0x6b, 0x3e, 0x3e, 0x3e, 0x3e, 0x01, 0xff, 0xfe, 0x02, 0x02, 0x93, 0x3f, 0x00, 0x02, 0xff, 0x85,
0xff, 0x42, 0x00, 0x6b, 0x02, 0x94, 0x00, 0x07, 0x00, 0x0b, 0x00, 0x00, 0x17, 0x07, 0x23, 0x15, 0x33, 0x37, 0x11, 0x23,
0x37, 0x23, 0x15, 0x33, 0x2e, 0x60, 0x49, 0x5c, 0x8a, 0x3e, 0x3a, 0x3e, 0x3e, 0x38, 0x48, 0x3e, 0x67, 0x02, 0x56, 0x95,
0x3f, 0x00, 0x00, 0x00, 0x00, 0x01, 0x00, 0x2d, 0x00, 0x01, 0x01, 0xeb, 0x02, 0xbf, 0x00, 0x0d, 0x00, 0x00, 0x01, 0x23,
0x0f, 0x01, 0x23, 0x11, 0x23, 0x11, 0x33, 0x35, 0x37, 0x17, 0x33, 0x03, 0x01, 0xe4, 0x09, 0x48, 0xc7, 0x61, 0x3e, 0x3e,
0x5e, 0xd4, 0x4e, 0xe9, 0x01, 0xff, 0x01, 0xd7, 0x01, 0x98, 0xfd, 0x42, 0xe6, 0x01, 0xe7, 0x01, 0x05, 0x00, 0x00, 0x00,
0x00, 0x01, 0x00, 0x2d, 0x00, 0x01, 0x00, 0x6b, 0x02, 0xbf, 0x00, 0x03, 0x00, 0x00, 0x13, 0x23, 0x11, 0x33, 0x6b, 0x3e,
0x3e, 0x02, 0xbf, 0xfd, 0x42, 0x00, 0x00, 0x00, 0x00, 0x01, 0x00, 0x2d, 0x00, 0x01, 0x03, 0x60, 0x01, 0xff, 0x00, 0x16,
0x00, 0x00, 0x01, 0x27, 0x0f, 0x01, 0x27, 0x0f, 0x01, 0x35, 0x23, 0x11, 0x33, 0x11, 0x3f, 0x01, 0x17, 0x11, 0x33, 0x03,
0x3f, 0x01, 0x17, 0x11, 0x33, 0x03, 0x5e, 0x89, 0xa5, 0x6a, 0x6c, 0xa4, 0x4b, 0x3e, 0x3e, 0x5f, 0x7d, 0x61, 0x3e, 0x02,
0x60, 0x7d, 0x61, 0x3e, 0x01, 0x97, 0x64, 0x01, 0x4d, 0x4e, 0x01, 0x38, 0x3d, 0xfe, 0x02, 0x01, 0x74, 0x47, 0x01, 0x45,
0xfe, 0x89, 0x01, 0x74, 0x47, 0x01, 0x45, 0xfe, 0x89, 0x00, 0x00, 0x00, 0x00, 0x01, 0x00, 0x2d, 0x00, 0x01, 0x01, 0xe6,
0x01, 0xff, 0x00, 0x0d, 0x00, 0x00, 0x01, 0x27, 0x0f, 0x01, 0x35, 0x23, 0x11, 0x33, 0x11, 0x3f, 0x01, 0x17, 0x11, 0x33,
0x01, 0xe4, 0x8a, 0xa4, 0x4b, 0x3e, 0x3e, 0x5f, 0x7d, 0x60, 0x3f, 0x01, 0x97, 0x64, 0x01, 0x38, 0x3d, 0xfe, 0x02, 0x01,
0x74, 0x47, 0x01, 0x45, 0xfe, 0x89, 0x00, 0x00, 0x00, 0x02, 0x00, 0x22, 0x00, 0x03, 0x01, 0xd7, 0x01, 0xfa, 0x00, 0x07,
0x00, 0x0f, 0x00, 0x00, 0x01, 0x0f, 0x01, 0x13, 0x17, 0x33, 0x37, 0x03, 0x01, 0x2f, 0x01, 0x3f, 0x01, 0x1f, 0x01, 0x07,
0x01, 0x4d, 0xa3, 0x88, 0x02, 0x88, 0xa2, 0x89, 0x01, 0xfe, 0xea, 0x60, 0x02, 0x61, 0x7a, 0x60, 0x02, 0x5f, 0x01, 0xfa,
0x01, 0x64, 0xfe, 0xd0, 0x62, 0x66, 0x01, 0x2f, 0xfe, 0xa8, 0x44, 0xf2, 0x46, 0x01, 0x44, 0xf2, 0x46, 0x00, 0x00, 0x00,
0x00, 0x02, 0x00, 0x2d, 0xff, 0x40, 0x01, 0xe6, 0x01, 0xfd, 0x00, 0x0b, 0x00, 0x14, 0x00, 0x00, 0x01, 0x0f, 0x01, 0x35,
0x23, 0x11, 0x33, 0x35, 0x17, 0x33, 0x37, 0x03, 0x01, 0x27, 0x3d, 0x01, 0x37, 0x33, 0x1f, 0x01, 0x07, 0x01, 0x5a, 0xa4,
0x4b, 0x3e, 0x3e, 0x4d, 0xa4, 0x8a, 0x02, 0xfe, 0xe8, 0x61, 0x60, 0x7b, 0x61, 0x02, 0x60, 0x01, 0xfd, 0x01, 0x38, 0x39,
0xfd, 0x43, 0xf7, 0x39, 0x67, 0x01, 0x34, 0xfe, 0xa3, 0x45, 0x3b, 0xbc, 0x47, 0x45, 0xf6, 0x47, 0x00, 0x02, 0x00, 0x22,
0xff, 0x40, 0x01, 0xdf, 0x01, 0xfd, 0x00, 0x0b, 0x00, 0x13, 0x00, 0x00, 0x01, 0x27, 0x0f, 0x01, 0x13, 0x17, 0x33, 0x37,
0x15, 0x33, 0x11, 0x23, 0x03, 0x2f, 0x01, 0x37, 0x33, 0x1f, 0x01, 0x07, 0x01, 0xa1, 0x52, 0xa4, 0x89, 0x02, 0x89, 0xa4,
0x50, 0x3e, 0x3e, 0xe0, 0x61, 0x01, 0x61, 0x7b, 0x61, 0x02, 0x60, 0x01, 0xc2, 0x3b, 0x01, 0x66, 0xfe, 0xcc, 0x64, 0x3c,
0xfa, 0x02, 0xbd, 0xfe, 0x3f, 0x45, 0xf6, 0x48, 0x45, 0xf5, 0x48, 0x00, 0x00, 0x01, 0x00, 0x2d, 0xff, 0xfe, 0x01, 0x13,
0x01, 0xfd, 0x00, 0x0b, 0x00, 0x00, 0x13, 0x35, 0x23, 0x11, 0x33, 0x27, 0x33, 0x35, 0x37, 0x33, 0x35, 0x07, 0x6b, 0x3e,
0x3e, 0x01, 0x01, 0x5f, 0x49, 0x5d, 0x01, 0xc4, 0x39, 0xfe, 0x01, 0xfc, 0x7e, 0x47, 0x3e, 0x01, 0x00, 0x01, 0x00, 0x16,
0xff, 0xfe, 0x01, 0xd6, 0x01, 0xfd, 0x00, 0x13, 0x00, 0x00, 0x13, 0x33, 0x17, 0x37, 0x27, 0x0f, 0x01, 0x15, 0x05, 0x17,
0x0f, 0x01, 0x27, 0x07, 0x17, 0x33, 0x37, 0x35, 0x25, 0x27, 0xb6, 0x7d, 0x65, 0x3e, 0x8f, 0xa5, 0x88, 0x01, 0x7a, 0x02,
0x61, 0x7c, 0x65, 0x3e, 0x8f, 0xa3, 0x8a, 0xfe, 0x86, 0x02, 0x01, 0xbf, 0x49, 0x1f, 0x68, 0x01, 0x66, 0x7f, 0x63, 0x30,
0x47, 0x01, 0x4a, 0x20, 0x68, 0x67, 0x7f, 0x63, 0x30, 0x00, 0x00, 0x00, 0x00, 0x01, 0x00, 0x06, 0xff, 0xfe, 0x01, 0x3c,
0x02, 0x96, 0x00, 0x0f, 0x00, 0x00, 0x37, 0x11, 0x33, 0x35, 0x23, 0x35, 0x07, 0x15, 0x23, 0x15, 0x33, 0x13, 0x17, 0x33,
0x35, 0x07, 0x94, 0x5b, 0x5b, 0x3e, 0x50, 0x50, 0x01, 0x8a, 0x5b, 0x47, 0x81, 0x01, 0x41, 0x3d, 0x97, 0x24, 0x73, 0x3d,
0xfe, 0xa0, 0x64, 0x3f, 0x01, 0x00, 0x00, 0x00, 0x00, 0x01, 0x00, 0x26, 0x00, 0x01, 0x01, 0xdf, 0x01, 0xff, 0x00, 0x0d,
0x00, 0x00, 0x25, 0x0f, 0x01, 0x27, 0x11, 0x23, 0x13, 0x17, 0x33, 0x37, 0x15, 0x33, 0x11, 0x23, 0x01, 0xa1, 0x5f, 0x7d,
0x61, 0x3e, 0x02, 0x89, 0xa4, 0x4c, 0x3e, 0x3e, 0x8a, 0x46, 0x01, 0x45, 0x01, 0x77, 0xfe, 0x6a, 0x64, 0x39, 0x3d, 0x01,
0xfe, 0x00, 0x00, 0x00, 0x00, 0x01, 0x00, 0x11, 0x00, 0x01, 0x01, 0xca, 0x01, 0xff, 0x00, 0x0b, 0x00, 0x00, 0x01, 0x03,
0x23, 0x03, 0x35, 0x23, 0x15, 0x13, 0x33, 0x13, 0x35, 0x23, 0x01, 0x8e, 0x99, 0x0f, 0x98, 0x3d, 0xad, 0x5f, 0xad, 0x3d,
0x01, 0x7c, 0xfe, 0xc2, 0x01, 0x3d, 0x84, 0x91, 0xfe, 0x93, 0x01, 0x6e, 0x90, 0x00, 0x00, 0x00, 0x00, 0x01, 0x00, 0x27,
0xff, 0xfd, 0x03, 0x5a, 0x01, 0xf7, 0x00, 0x14, 0x00, 0x00, 0x25, 0x0f, 0x01, 0x27, 0x11, 0x23, 0x13, 0x0f, 0x01, 0x27,
0x11, 0x23, 0x13, 0x17, 0x3f, 0x01, 0x17, 0x3f, 0x01, 0x11, 0x23, 0x03, 0x1c, 0x5f, 0x7d, 0x61, 0x3e, 0x02, 0x60, 0x7d,
0x61, 0x3e, 0x02, 0x89, 0xa5, 0x69, 0x6c, 0xa5, 0x89, 0x3e, 0x82, 0x46, 0x01, 0x45, 0x01, 0x77, 0xfe, 0x8c, 0x47, 0x01,
0x45, 0x01, 0x77, 0xfe, 0x6a, 0x64, 0x01, 0x4d, 0x4e, 0x01, 0x66, 0x01, 0x93, 0x00, 0x00, 0x00, 0x00, 0x01, 0x00, 0x03,
0x00, 0x01, 0x02, 0x00, 0x01, 0xfc, 0x00, 0x0b, 0x00, 0x00, 0x01, 0x07, 0x27, 0x23, 0x17, 0x07, 0x33, 0x37, 0x17, 0x33,
0x27, 0x37, 0x01, 0xb1, 0xb0, 0xaf, 0x4f, 0xd7, 0xd7, 0x4f, 0xaf, 0xb0, 0x4f, 0xd7, 0xd7, 0x01, 0xfc, 0xcf, 0xcf, 0xfe,
0xfd, 0xcf, 0xcf, 0xfd, 0xfe, 0x00, 0x00, 0x00, 0x00, 0x01, 0x00, 0x11, 0xff, 0x19, 0x01, 0xca, 0x01, 0xff, 0x00, 0x0d,
0x00, 0x00, 0x01, 0x03, 0x23, 0x03, 0x35, 0x23, 0x15, 0x13, 0x33, 0x07, 0x33, 0x01, 0x35, 0x23, 0x01, 0x8e, 0x98, 0x10,
0x98, 0x3d, 0xad, 0x1b, 0x6f, 0x45, 0x01, 0x1b, 0x3d, 0x01, 0x7c, 0xfe, 0xc2, 0x01, 0x3d, 0x84, 0x91, 0xfe, 0x93, 0xe8,
0x02, 0x56, 0x90, 0x00, 0x00, 0x01, 0x00, 0x11, 0xff, 0xff, 0x01, 0x9b, 0x01, 0xff, 0x00, 0x09, 0x00, 0x00, 0x01, 0x35,
0x21, 0x15, 0x21, 0x01, 0x15, 0x21, 0x35, 0x21, 0x01, 0x9a, 0xfe, 0x77, 0x01, 0x2d, 0xfe, 0xd3, 0x01, 0x8a, 0xfe, 0xce,
0x01, 0xbd, 0x42, 0x46, 0xfe, 0x8c, 0x46, 0x46, 0x00, 0x01, 0x00, 0x11, 0xff, 0x9c, 0x01, 0x24, 0x03, 0x25, 0x00, 0x33,
0x00, 0x00, 0x01, 0x23, 0x22, 0x0e, 0x01, 0x15, 0x14, 0x07, 0x0e, 0x01, 0x0f, 0x01, 0x15, 0x1e, 0x04, 0x17, 0x16, 0x15,
0x14, 0x1e, 0x01, 0x3b, 0x01, 0x35, 0x0e, 0x01, 0x2e, 0x02, 0x3d, 0x01, 0x34, 0x2e, 0x03, 0x27, 0x26, 0x34, 0x37, 0x3e,
0x01, 0x3d, 0x02, 0x34, 0x36, 0x1f, 0x01, 0x01, 0x24, 0x33, 0x2e, 0x3e, 0x14, 0x02, 0x03, 0x2f, 0x16, 0x16, 0x04, 0x0c,
0x1f, 0x18, 0x15, 0x02, 0x02, 0x14, 0x3e, 0x2e, 0x33, 0x04, 0x0f, 0x26, 0x1c, 0x18, 0x01, 0x07, 0x0d, 0x1c, 0x13, 0x05,
0x05, 0x22, 0x22, 0x37, 0x1b, 0x1b, 0x03, 0x25, 0x3a, 0x40, 0x1f, 0x76, 0x25, 0x2e, 0x3e, 0x08, 0x08, 0x1e, 0x01, 0x06,
0x16, 0x1b, 0x32, 0x1d, 0x24, 0x77, 0x1f, 0x40, 0x3a, 0x3f, 0x01, 0x01, 0x04, 0x0b, 0x1c, 0x16, 0x89, 0x06, 0x14, 0x36,
0x2d, 0x2f, 0x0a, 0x03, 0x0a, 0x02, 0x15, 0x74, 0x2f, 0x2f, 0x60, 0x22, 0x1f, 0x02, 0x01, 0x00, 0x00, 0x01, 0x00, 0x32,
0xff, 0x6a, 0x00, 0x70, 0x02, 0xee, 0x00, 0x03, 0x00, 0x00, 0x13, 0x23, 0x11, 0x33, 0x70, 0x3e, 0x3e, 0x02, 0xee, 0xfc,
0x7c, 0x00, 0x00, 0x00, 0x00, 0x01, 0xff, 0xc4, 0xff, 0x9c, 0x00, 0xd7, 0x03, 0x25, 0x00, 0x35, 0x00, 0x00, 0x13, 0x34,
0x2e, 0x01, 0x2b, 0x01, 0x15, 0x3e, 0x01, 0x1e, 0x02, 0x1d, 0x01, 0x16, 0x06, 0x1e, 0x02, 0x17, 0x16, 0x14, 0x07, 0x0e,
0x01, 0x0f, 0x01, 0x15, 0x14, 0x06, 0x2f, 0x01, 0x15, 0x33, 0x32, 0x3e, 0x01, 0x35, 0x34, 0x37, 0x3e, 0x03, 0x3f, 0x01,
0x35, 0x2e, 0x04, 0x27, 0x26, 0x77, 0x14, 0x3e, 0x2e, 0x33, 0x04, 0x0f, 0x26, 0x1c, 0x18, 0x01, 0x03, 0x07, 0x0b, 0x1e,
0x16, 0x05, 0x05, 0x1e, 0x22, 0x02, 0x02, 0x36, 0x1b, 0x1c, 0x33, 0x2e, 0x3e, 0x14, 0x02, 0x02, 0x14, 0x1b, 0x1b, 0x09,
0x09, 0x04, 0x0c, 0x1f, 0x18, 0x15, 0x02, 0x02, 0x02, 0x8c, 0x1e, 0x41, 0x3a, 0x38, 0x01, 0x01, 0x03, 0x0b, 0x1c, 0x16,
0x60, 0x02, 0x23, 0x3d, 0x3e, 0x3a, 0x0d, 0x02, 0x0a, 0x03, 0x10, 0x5c, 0x25, 0x26, 0x89, 0x22, 0x1f, 0x02, 0x01, 0x3f,
0x3a, 0x40, 0x1f, 0x76, 0x24, 0x1d, 0x32, 0x1d, 0x14, 0x04, 0x04, 0x1e, 0x01, 0x04, 0x12, 0x19, 0x2f, 0x1d, 0x24, 0x00,
0x00, 0x02, 0x00, 0x27, 0xff, 0x6a, 0x00, 0x65, 0x02, 0x26, 0x00, 0x03, 0x00, 0x07, 0x00, 0x00, 0x13, 0x23, 0x15, 0x33,
0x15, 0x23, 0x11, 0x33, 0x65, 0x3e, 0x3e, 0x3e, 0x3e, 0x02, 0x26, 0x41, 0x6f, 0xfd, 0xf4, 0x00, 0x00, 0x02, 0x00, 0x24,
0xff, 0x97, 0x01, 0xe0, 0x02, 0x7a, 0x00, 0x15, 0x00, 0x1b, 0x00, 0x00, 0x25, 0x11, 0x33, 0x17, 0x37, 0x27, 0x23, 0x35,
0x23, 0x15, 0x23, 0x07, 0x13, 0x17, 0x33, 0x15, 0x33, 0x35, 0x33, 0x37, 0x27, 0x0f, 0x01, 0x2f, 0x01, 0x37, 0x33, 0x11,
0x01, 0x21, 0x1c, 0x65, 0x3e, 0x8f, 0x30, 0x3e, 0x36, 0x89, 0x02, 0x89, 0x34, 0x3e, 0x32, 0x8d, 0x3e, 0x62, 0x7d, 0x61,
0x02, 0x61, 0x22, 0x3b, 0x01, 0x82, 0x49, 0x20, 0x67, 0x7f, 0x7f, 0x67, 0xfe, 0xcc, 0x63, 0x66, 0x66, 0x67, 0x20, 0x49,
0x01, 0x45, 0xf6, 0x48, 0xfe, 0x7e, 0x00, 0x00, 0x00, 0x01, 0x00, 0x25, 0x00, 0x00, 0x01, 0xfe, 0x02, 0xbc, 0x00, 0x1a,
0x00, 0x00, 0x25, 0x27, 0x07, 0x37, 0x33, 0x35, 0x23, 0x27, 0x35, 0x37, 0x33, 0x17, 0x33, 0x27, 0x23, 0x07, 0x15, 0x17,
0x23, 0x15, 0x33, 0x07, 0x15, 0x37, 0x17, 0x37, 0x27, 0x01, 0x71, 0x89, 0x78, 0x7b, 0xac, 0xb5, 0x64, 0x5c, 0x75, 0x49,
0x5b, 0x80, 0xb6, 0x7e, 0x49, 0x52, 0x69, 0x7a, 0xc3, 0x89, 0x8d, 0x16, 0x40, 0x24, 0x13, 0xed, 0x3f, 0x63, 0x4f, 0x4e,
0x47, 0x86, 0x6c, 0x90, 0x43, 0x3f, 0xec, 0x52, 0x23, 0x21, 0x23, 0x37, 0x00, 0x01, 0x00, 0x1f, 0x00, 0x00, 0x02, 0x2d,
0x02, 0xbc, 0x00, 0x1c, 0x00, 0x00, 0x01, 0x23, 0x15, 0x07, 0x27, 0x35, 0x23, 0x15, 0x17, 0x15, 0x23, 0x15, 0x33, 0x15,
0x23, 0x15, 0x33, 0x15, 0x33, 0x35, 0x33, 0x35, 0x23, 0x35, 0x33, 0x35, 0x23, 0x35, 0x37, 0x02, 0x2d, 0x3f, 0xc5, 0xcc,
0x3e, 0xeb, 0xad, 0xad, 0xad, 0xad, 0x3e, 0xa7, 0xa7, 0xa7, 0xa7, 0xe5, 0x02, 0xbc, 0x98, 0xc6, 0xc6, 0x98, 0xb3, 0xe5,
0x28, 0x3e, 0x37, 0x3e, 0x49, 0x49, 0x3e, 0x37, 0x3e, 0x28, 0xe5, 0x00, 0x00, 0x02, 0x00, 0x2a, 0xff, 0x6a, 0x02, 0x48,
0x02, 0xf0, 0x00, 0x19, 0x00, 0x1f, 0x00, 0x00, 0x13, 0x33, 0x17, 0x37, 0x27, 0x23, 0x07, 0x15, 0x17, 0x07, 0x15, 0x05,
0x15, 0x07, 0x23, 0x27, 0x07, 0x17, 0x33, 0x37, 0x35, 0x27, 0x37, 0x35, 0x25, 0x35, 0x01, 0x07, 0x25, 0x35, 0x37, 0x05,
0xe4, 0xaa, 0x89, 0x31, 0xa8, 0xce, 0xa8, 0x65, 0x65, 0x01, 0xe5, 0x81, 0xaa, 0x89, 0x31, 0xa8, 0xce, 0xa8, 0x71, 0x71,
0xfe, 0x1b, 0x01, 0xac, 0x7f, 0xfe, 0xd3, 0x74, 0x01, 0x38, 0x02, 0xb7, 0x64, 0x24, 0x79, 0x79, 0xa2, 0x1b, 0x49, 0xa2,
0x81, 0x4c, 0x5e, 0x63, 0x23, 0x7a, 0x7a, 0x95, 0x1f, 0x51, 0x96, 0x82, 0x58, 0xfe, 0xae, 0x5c, 0x50, 0x58, 0x54, 0x53,
0x00, 0x03, 0x00, 0x2e, 0x00, 0x01, 0x02, 0xa2, 0x02, 0xbc, 0x00, 0x07, 0x00, 0x0f, 0x00, 0x1f, 0x00, 0x00, 0x01, 0x21,
0x07, 0x13, 0x17, 0x21, 0x37, 0x03, 0x01, 0x27, 0x03, 0x37, 0x21, 0x17, 0x13, 0x07, 0x03, 0x37, 0x27, 0x23, 0x07, 0x1f,
0x01, 0x33, 0x37, 0x27, 0x07, 0x23, 0x2f, 0x01, 0x37, 0x33, 0x02, 0x18, 0xfe, 0x9e, 0x88, 0x02, 0x88, 0x01, 0x61, 0x89,
0x02, 0xfe, 0x2c, 0x60, 0x02, 0x61, 0x01, 0x39, 0x60, 0x02, 0x60, 0x21, 0x30, 0x6f, 0x80, 0x6b, 0x01, 0x6b, 0x80, 0x6e,
0x30, 0x4d, 0x61, 0x4c, 0x01, 0x4b, 0x61, 0x02, 0xbc, 0x65, 0xfe, 0x0c, 0x62, 0x65, 0x01, 0xf4, 0xfd, 0xe4, 0x43, 0x01,
0xb7, 0x47, 0x43, 0xfe, 0x49, 0x47, 0x01, 0x7e, 0x19, 0x50, 0x50, 0xf0, 0x4d, 0x50, 0x19, 0x39, 0x35, 0xc0, 0x38, 0x00,
0x00, 0x02, 0x00, 0x15, 0x00, 0x64, 0x01, 0x6e, 0x01, 0xf9, 0x00, 0x05, 0x00, 0x0b, 0x00, 0x00, 0x01, 0x23, 0x07, 0x17,
0x33, 0x2f, 0x01, 0x07, 0x17, 0x33, 0x27, 0x37, 0x01, 0x6d, 0x4c, 0x80, 0x7f, 0x4e, 0x7f, 0x5b, 0x7f, 0x7f, 0x4d, 0x7f,
0x7e, 0x01, 0xf9, 0xca, 0xcb, 0xcb, 0xca, 0xca, 0xcb, 0xcb, 0xca, 0x00, 0x00, 0x04, 0x00, 0x24, 0x01, 0x1b, 0x01, 0x99,
0x02, 0xba, 0x00, 0x0c, 0x00, 0x12, 0x00, 0x1a, 0x00, 0x22, 0x00, 0x00, 0x13, 0x33, 0x35, 0x33, 0x17, 0x15, 0x33, 0x35,
0x27, 0x37, 0x35, 0x27, 0x23, 0x17, 0x23, 0x35, 0x33, 0x17, 0x15, 0x27, 0x07, 0x03, 0x17, 0x33, 0x37, 0x13, 0x27, 0x03,
0x23, 0x27, 0x11, 0x37, 0x33, 0x17, 0x11, 0x76, 0x18, 0x6a, 0x38, 0x17, 0x36, 0x36, 0x47, 0x8a, 0x82, 0x6a, 0x6a, 0x37,
0xba, 0x50, 0x01, 0x50, 0xd4, 0x50, 0x01, 0x50, 0x0b, 0xc0, 0x3c, 0x3d, 0xbf, 0x3d, 0x01, 0x63, 0x5d, 0x29, 0x34, 0x41,
0x28, 0x28, 0x4a, 0x34, 0x9a, 0x82, 0x28, 0x32, 0xba, 0x39, 0xfe, 0xd5, 0x3b, 0x39, 0x01, 0x2b, 0x3b, 0xfe, 0x7e, 0x2d,
0x01, 0x0d, 0x2b, 0x2d, 0xfe, 0xf3, 0x00, 0x00, 0x00, 0x02, 0x00, 0x1a, 0x01, 0xc2, 0x01, 0x13, 0x02, 0xc2, 0x00, 0x09,
0x00, 0x14, 0x00, 0x00, 0x12, 0x14, 0x16, 0x33, 0x32, 0x36, 0x35, 0x34, 0x26, 0x22, 0x07, 0x34, 0x36, 0x32, 0x16, 0x15,
0x14, 0x06, 0x23, 0x22, 0x26, 0x1a, 0x46, 0x35, 0x37, 0x47, 0x49, 0x6a, 0x0c, 0x24, 0x3a, 0x27, 0x25, 0x1f, 0x1d, 0x24,
0x02, 0x79, 0x6e, 0x49, 0x48, 0x38, 0x35, 0x4b, 0x80, 0x1f, 0x26, 0x28, 0x1d, 0x20, 0x26, 0x26, 0x00, 0x01, 0x00, 0x13,
0x01, 0x2c, 0x00, 0x87, 0x01, 0xa3, 0x00, 0x0a, 0x00, 0x00, 0x13, 0x14, 0x16, 0x33, 0x32, 0x36, 0x35, 0x34, 0x26, 0x22,
0x06, 0x13, 0x1f, 0x1a, 0x19, 0x22, 0x22, 0x32, 0x20, 0x01, 0x68, 0x1b, 0x21, 0x21, 0x1b, 0x19, 0x22, 0x22, 0x00, 0x00,
0x00, 0x02, 0x00, 0x15, 0x00, 0x64, 0x01, 0x6e, 0x01, 0xf9, 0x00, 0x05, 0x00, 0x0b, 0x00, 0x00, 0x13, 0x17, 0x07, 0x33,
0x37, 0x27, 0x23, 0x17, 0x07, 0x33, 0x37, 0x27, 0xa1, 0x80, 0x7e, 0x4c, 0x7f, 0x7f, 0xda, 0x7f, 0x7e, 0x4c, 0x7f, 0x7e,
0x01, 0xf9, 0xca, 0xcb, 0xcb, 0xca, 0xca, 0xcb, 0xcb, 0xca, 0x00, 0x00, 0x00, 0x02, 0x00, 0x16, 0xff, 0x6a, 0x01, 0x47,
0x02, 0x26, 0x00, 0x03, 0x00, 0x12, 0x00, 0x00, 0x01, 0x23, 0x15, 0x33, 0x03, 0x27, 0x37, 0x3b, 0x01, 0x35, 0x23, 0x15,
0x23, 0x07, 0x1f, 0x01, 0x33, 0x27, 0x23, 0x01, 0x47, 0x3f, 0x3f, 0xf3, 0x02, 0x61, 0x52, 0x3f, 0x3f, 0x66, 0x89, 0x02,
0x89, 0xa4, 0x01, 0x8f, 0x02, 0x26, 0x41, 0xfe, 0x08, 0x7c, 0x48, 0xc6, 0x88, 0x67, 0xba, 0x64, 0x3e, 0x00, 0x00, 0x00,
0x00, 0x03, 0x00, 0x0c, 0x00, 0x01, 0x02, 0x64, 0x03, 0x60, 0x00, 0x0b, 0x00, 0x0f, 0x00, 0x13, 0x00, 0x00, 0x01, 0x03,
0x15, 0x33, 0x35, 0x37, 0x21, 0x17, 0x15, 0x33, 0x35, 0x03, 0x07, 0x33, 0x13, 0x21, 0x13, 0x23, 0x17, 0x33, 0x01, 0x03,
0xf7, 0x3e, 0x1a, 0x01, 0xa8, 0x1a, 0x3e, 0xf7, 0x42, 0x19, 0xab, 0xfe, 0x92, 0x97, 0x60, 0x4f, 0x43, 0x02, 0xbd, 0xfd,
0xe9, 0xa5, 0x98, 0x38, 0x38, 0x98, 0xa5, 0x02, 0x17, 0x3f, 0xfe, 0x91, 0x02, 0x51, 0x6b, 0x00, 0x00, 0x03, 0x00, 0x0c,
0x00, 0x01, 0x02, 0x64, 0x03, 0x5f, 0x00, 0x03, 0x00, 0x0f, 0x00, 0x13, 0x00, 0x00, 0x01, 0x07, 0x33, 0x37, 0x07, 0x03,
0x15, 0x33, 0x35, 0x37, 0x21, 0x17, 0x15, 0x33, 0x35, 0x03, 0x07, 0x33, 0x13, 0x21, 0x01, 0x3c, 0x32, 0x41, 0x51, 0x99,
0xf7, 0x3e, 0x1a, 0x01, 0xa8, 0x1a, 0x3e, 0xf7, 0x42, 0x1a, 0xaa, 0xfe, 0x92, 0x03, 0x5f, 0x6b, 0x6b, 0xa2, 0xfd, 0xe9,
0xa5, 0x98, 0x38, 0x38, 0x98, 0xa5, 0x02, 0x17, 0x3f, 0xfe, 0x91, 0x00, 0x00, 0x03, 0x00, 0x0c, 0x00, 0x01, 0x02, 0x64,
0x03, 0x61, 0x00, 0x06, 0x00, 0x12, 0x00, 0x16, 0x00, 0x00, 0x01, 0x33, 0x2f, 0x01, 0x07, 0x17, 0x37, 0x07, 0x03, 0x15,
0x33, 0x35, 0x37, 0x21, 0x17, 0x15, 0x33, 0x35, 0x03, 0x07, 0x33, 0x13, 0x21, 0x01, 0x61, 0x53, 0x63, 0x32, 0x63, 0x51,
0x2b, 0x35, 0xf7, 0x3e, 0x1a, 0x01, 0xa8, 0x1a, 0x3e, 0xf7, 0x42, 0x19, 0xab, 0xfe, 0x92, 0x02, 0xf3, 0x6d, 0x01, 0x6e,
0x01, 0x2f, 0x64, 0xfd, 0xe9, 0xa5, 0x98, 0x38, 0x38, 0x98, 0xa5, 0x02, 0x17, 0x3f, 0xfe, 0x91, 0x00, 0x03, 0x00, 0x0c,
0x00, 0x01, 0x02, 0x64, 0x03, 0x5f, 0x00, 0x21, 0x00, 0x2d, 0x00, 0x31, 0x00, 0x00, 0x13, 0x33, 0x32, 0x1f, 0x01, 0x16,
0x3b, 0x01, 0x32, 0x36, 0x3d, 0x01, 0x23, 0x15, 0x14, 0x0f, 0x01, 0x23, 0x22, 0x2f, 0x01, 0x26, 0x27, 0x26, 0x2b, 0x01,
0x22, 0x07, 0x06, 0x1d, 0x01, 0x17, 0x35, 0x34, 0x17, 0x03, 0x15, 0x33, 0x35, 0x37, 0x21, 0x17, 0x15, 0x33, 0x35, 0x03,
0x07, 0x33, 0x13, 0x21, 0xf0, 0x1a, 0x0f, 0x05, 0x12, 0x0e, 0x1a, 0x2b, 0x16, 0x22, 0x2a, 0x03, 0x04, 0x28, 0x0e, 0x05,
0x07, 0x0b, 0x02, 0x10, 0x17, 0x27, 0x15, 0x12, 0x11, 0x2b, 0x23, 0xf7, 0x3e, 0x1a, 0x01, 0xa8, 0x1a, 0x3e, 0xf7, 0x42,
0x19, 0xab, 0xfe, 0x92, 0x03, 0x2f, 0x08, 0x21, 0x14, 0x28, 0x1a, 0x2b, 0x1f, 0x10, 0x07, 0x07, 0x08, 0x0c, 0x14, 0x02,
0x13, 0x13, 0x14, 0x1a, 0x2b, 0x01, 0x20, 0x1d, 0x72, 0xfd, 0xe9, 0xa5, 0x98, 0x38, 0x38, 0x98, 0xa5, 0x02, 0x17, 0x3f,
0xfe, 0x91, 0x00, 0x00, 0x00, 0x04, 0x00, 0x0c, 0x00, 0x01, 0x02, 0x64, 0x03, 0x42, 0x00, 0x04, 0x00, 0x09, 0x00, 0x15,
0x00, 0x19, 0x00, 0x00, 0x01, 0x27, 0x07, 0x17, 0x33, 0x37, 0x27, 0x07, 0x17, 0x33, 0x07, 0x03, 0x15, 0x33, 0x35, 0x37,
0x21, 0x17, 0x15, 0x33, 0x35, 0x03, 0x07, 0x33, 0x13, 0x21, 0x01, 0x12, 0x02, 0x53, 0x01, 0x52, 0xa3, 0x02, 0x53, 0x01,
0x52, 0xae, 0xf7, 0x3e, 0x1a, 0x01, 0xa8, 0x1a, 0x3e, 0xf7, 0x42, 0x19, 0xab, 0xfe, 0x92, 0x02, 0xf6, 0x4c, 0x01, 0x4c,
0x01, 0x4c, 0x01, 0x4c, 0x38, 0xfd, 0xe9, 0xa5, 0x98, 0x38, 0x38, 0x98, 0xa5, 0x02, 0x17, 0x3f, 0xfe, 0x91, 0x00, 0x00,
0x00, 0x03, 0x00, 0x0c, 0x00, 0x00, 0x02, 0x64, 0x03, 0x52, 0x00, 0x1b, 0x00, 0x2a, 0x00, 0x2e, 0x00, 0x00, 0x01, 0x3e,
0x01, 0x3d, 0x01, 0x34, 0x26, 0x2b, 0x01, 0x22, 0x06, 0x1d, 0x01, 0x14, 0x16, 0x17, 0x23, 0x03, 0x15, 0x33, 0x35, 0x37,
0x21, 0x17, 0x15, 0x33, 0x35, 0x03, 0x27, 0x34, 0x36, 0x3b, 0x01, 0x32, 0x1d, 0x01, 0x14, 0x06, 0x2b, 0x01, 0x22, 0x26,
0x35, 0x17, 0x33, 0x13, 0x21, 0x01, 0x5b, 0x11, 0x18, 0x1d, 0x15, 0x35, 0x14, 0x1d, 0x18, 0x11, 0x12, 0xf7, 0x3e, 0x1a,
0x01, 0xa8, 0x1a, 0x3e, 0xf7, 0x5c, 0x09, 0x06, 0x2f, 0x10, 0x09, 0x07, 0x2f, 0x06, 0x09, 0x1a, 0x1a, 0xaa, 0xfe, 0x92,
0x02, 0xbc, 0x03, 0x1b, 0x12, 0x35, 0x14, 0x1d, 0x1d, 0x14, 0x35, 0x12, 0x1b, 0x03, 0xfd, 0xe9, 0xa5, 0x98, 0x38, 0x38,
0x98, 0xa5, 0x02, 0x17, 0x62, 0x07, 0x09, 0x10, 0x2f, 0x06, 0x09, 0x09, 0x06, 0x71, 0xfe, 0x91, 0x00, 0x02, 0x00, 0x0c,
0x00, 0x00, 0x03, 0x6b, 0x02, 0xbd, 0x00, 0x11, 0x00, 0x15, 0x00, 0x00, 0x01, 0x35, 0x21, 0x35, 0x21, 0x35, 0x25, 0x03,
0x15, 0x33, 0x35, 0x37, 0x33, 0x11, 0x21, 0x35, 0x21, 0x11, 0x27, 0x37, 0x33, 0x15, 0x03, 0x29, 0xfe, 0x78, 0x01, 0xc9,
0xfd, 0x99, 0xf7, 0x3e, 0x59, 0xc0, 0x02, 0x08, 0xfe, 0x36, 0xe1, 0x6b, 0x38, 0x01, 0x4f, 0x3f, 0xef, 0x3f, 0x01, 0xfd,
0xe9, 0xa5, 0x98, 0xb6, 0xfe, 0xb1, 0x40, 0x01, 0x0f, 0x3f, 0xf0, 0xf0, 0x00, 0x01, 0x00, 0x23, 0xff, 0x47, 0x02, 0x86,
0x02, 0xbc, 0x00, 0x1c, 0x00, 0x00, 0x25, 0x27, 0x11, 0x37, 0x33, 0x17, 0x37, 0x27, 0x23, 0x07, 0x11, 0x17, 0x33, 0x07,
0x17, 0x33, 0x07, 0x23, 0x07, 0x33, 0x3f, 0x01, 0x27, 0x23, 0x37, 0x33, 0x37, 0x27, 0x07, 0x00, 0xff, 0x97, 0x97, 0xba,
0x97, 0x36, 0xb8, 0xe3, 0xc8, 0xc8, 0x5d, 0x0e, 0x20, 0x23, 0x07, 0x5a, 0x04, 0x6f, 0x20, 0x0a, 0x21, 0x23, 0x0d, 0x54,
0xb8, 0x36, 0x97, 0x3f, 0x6e, 0x01, 0x62, 0x6e, 0x6e, 0x27, 0x86, 0x91, 0xfe, 0x66, 0x91, 0x3c, 0x28, 0x28, 0x2d, 0x1c,
0x40, 0x25, 0x38, 0x86, 0x27, 0x6e, 0x00, 0x00, 0x00, 0x02, 0x00, 0x32, 0xff, 0xff, 0x02, 0x3a, 0x03, 0x5f, 0x00, 0x03,
0x00, 0x10, 0x00, 0x00, 0x01, 0x23, 0x17, 0x33, 0x01, 0x21, 0x35, 0x21, 0x35, 0x21, 0x35, 0x21, 0x11, 0x33, 0x21, 0x35,
0x21, 0x01, 0x47, 0x60, 0x4e, 0x44, 0xfe, 0xf7, 0x01, 0x88, 0xfe, 0x78, 0x01, 0xc9, 0xfd, 0xf9, 0x04, 0x02, 0x04, 0xfe,
0x36, 0x03, 0x5f, 0x6b, 0xfe, 0x59, 0x3e, 0xf0, 0x3e, 0xfd, 0x46, 0x3f, 0x00, 0x02, 0x00, 0x32, 0xff, 0xff, 0x02, 0x3a,
0x03, 0x5f, 0x00, 0x03, 0x00, 0x10, 0x00, 0x00, 0x01, 0x07, 0x33, 0x37, 0x01, 0x21, 0x35, 0x21, 0x35, 0x21, 0x35, 0x21,
0x11, 0x33, 0x21, 0x35, 0x21, 0x01, 0x4a, 0x32, 0x41, 0x50, 0xfe, 0xc7, 0x01, 0x88, 0xfe, 0x78, 0x01, 0xc9, 0xfd, 0xf9,
0x04, 0x02, 0x04, 0xfe, 0x36, 0x03, 0x5f, 0x6b, 0x6b, 0xfd, 0xee, 0x3e, 0xf0, 0x3e, 0xfd, 0x46, 0x3f, 0x00, 0x00, 0x00,
0x00, 0x02, 0x00, 0x32, 0xff, 0xff, 0x02, 0x3a, 0x03, 0x61, 0x00, 0x06, 0x00, 0x13, 0x00, 0x00, 0x01, 0x33, 0x2f, 0x01,
0x07, 0x17, 0x37, 0x03, 0x21, 0x35, 0x21, 0x35, 0x21, 0x35, 0x21, 0x11, 0x33, 0x21, 0x35, 0x21, 0x01, 0x5d, 0x53, 0x63,
0x32, 0x63, 0x51, 0x2b, 0xc4, 0x01, 0x88, 0xfe, 0x78, 0x01, 0xc9, 0xfd, 0xf9, 0x04, 0x02, 0x04, 0xfe, 0x36, 0x02, 0xf3,
0x6d, 0x01, 0x6e, 0x01, 0x2f, 0xfe, 0x2c, 0x3e, 0xf0, 0x3e, 0xfd, 0x46, 0x3f, 0x00, 0x00, 0x00, 0x00, 0x03, 0x00, 0x32,
0xff, 0xff, 0x02, 0x3a, 0x03, 0x42, 0x00, 0x04, 0x00, 0x09, 0x00, 0x16, 0x00, 0x00, 0x01, 0x27, 0x07, 0x17, 0x33, 0x37,
0x27, 0x07, 0x17, 0x33, 0x01, 0x21, 0x35, 0x21, 0x35, 0x21, 0x35, 0x21, 0x11, 0x33, 0x21, 0x35, 0x21, 0x01, 0x10, 0x02,
0x53, 0x01, 0x52, 0xa3, 0x02, 0x53, 0x01, 0x52, 0xfe, 0xc1, 0x01, 0x88, 0xfe, 0x78, 0x01, 0xc9, 0xfd, 0xf9, 0x04, 0x02,
0x04, 0xfe, 0x36, 0x02, 0xf6, 0x4c, 0x01, 0x4c, 0x01, 0x4c, 0x01, 0x4c, 0xfe, 0x58, 0x3e, 0xf0, 0x3e, 0xfd, 0x46, 0x3f,
0x00, 0x02, 0x00, 0x07, 0x00, 0x00, 0x01, 0x40, 0x03, 0x5f, 0x00, 0x03, 0x00, 0x0f, 0x00, 0x00, 0x13, 0x23, 0x17, 0x33,
0x17, 0x21, 0x15, 0x33, 0x11, 0x23, 0x15, 0x21, 0x35, 0x23, 0x11, 0x33, 0x91, 0x5f, 0x4e, 0x43, 0x7d, 0xfe, 0xc7, 0x80,
0x80, 0x01, 0x39, 0x7b, 0x7b, 0x03, 0x5f, 0x6b, 0x38, 0x3e, 0xfd, 0xc0, 0x3e, 0x3e, 0x02, 0x40, 0x00, 0x02, 0x00, 0x07,
0x00, 0x00, 0x01, 0x40, 0x03, 0x5f, 0x00, 0x03, 0x00, 0x0f, 0x00, 0x00, 0x13, 0x07, 0x33, 0x37, 0x17, 0x21, 0x15, 0x33,
0x11, 0x23, 0x15, 0x21, 0x35, 0x23, 0x11, 0x33, 0xb9, 0x32, 0x41, 0x51, 0x27, 0xfe, 0xc7, 0x80, 0x80, 0x01, 0x39, 0x7b,
0x7b, 0x03, 0x5f, 0x6b, 0x6b, 0xa3, 0x3e, 0xfd, 0xc0, 0x3e, 0x3e, 0x02, 0x40, 0x00, 0x00, 0x00, 0x00, 0x02, 0x00, 0x07,
0x00, 0x00, 0x01, 0x40, 0x03, 0x61, 0x00, 0x06, 0x00, 0x12, 0x00, 0x00, 0x13, 0x33, 0x2f, 0x01, 0x07, 0x17, 0x37, 0x17,
0x21, 0x15, 0x33, 0x11, 0x23, 0x15, 0x21, 0x35, 0x23, 0x11, 0x33, 0xcd, 0x52, 0x62, 0x33, 0x62, 0x51, 0x2b, 0x9c, 0xfe,
0xc7, 0x80, 0x80, 0x01, 0x39, 0x7b, 0x7b, 0x02, 0xf3, 0x6d, 0x01, 0x6e, 0x01, 0x2f, 0x65, 0x3e, 0xfd, 0xc0, 0x3e, 0x3e,
0x02, 0x40, 0x00, 0x00, 0x00, 0x03, 0x00, 0x07, 0x00, 0x00, 0x01, 0x40, 0x03, 0x44, 0x00, 0x04, 0x00, 0x09, 0x00, 0x15,
0x00, 0x00, 0x13, 0x27, 0x07, 0x17, 0x33, 0x37, 0x27, 0x07, 0x17, 0x33, 0x17, 0x21, 0x15, 0x33, 0x11, 0x23, 0x15, 0x21,
0x35, 0x23, 0x11, 0x33, 0x7d, 0x02, 0x52, 0x01, 0x51, 0xa3, 0x02, 0x52, 0x01, 0x51, 0x24, 0xfe, 0xc7, 0x80, 0x80, 0x01,
0x39, 0x7b, 0x7b, 0x02, 0xf8, 0x4c, 0x02, 0x4c, 0x02, 0x4c, 0x02, 0x4c, 0x3a, 0x3e, 0xfd, 0xc0, 0x3e, 0x3e, 0x02, 0x40,
0x00, 0x02, 0x00, 0x32, 0x00, 0x00, 0x02, 0xa3, 0x03, 0x60, 0x00, 0x22, 0x00, 0x2c, 0x00, 0x00, 0x01, 0x33, 0x32, 0x1f,
0x01, 0x16, 0x3b, 0x01, 0x32, 0x37, 0x36, 0x3d, 0x01, 0x23, 0x15, 0x14, 0x0f, 0x01, 0x23, 0x22, 0x2f, 0x01, 0x26, 0x27,
0x26, 0x2b, 0x01, 0x22, 0x07, 0x06, 0x1d, 0x01, 0x33, 0x35, 0x34, 0x09, 0x01, 0x23, 0x11, 0x33, 0x11, 0x01, 0x33, 0x11,
0x23, 0x01, 0x23, 0x1a, 0x0f, 0x04, 0x13, 0x0c, 0x1c, 0x2a, 0x16, 0x12, 0x11, 0x2a, 0x03, 0x04, 0x28, 0x0e, 0x06, 0x06,
0x0b, 0x02, 0x10, 0x17, 0x27, 0x15, 0x12, 0x11, 0x2b, 0x01, 0x52, 0xfe, 0x15, 0x48, 0x3e, 0x01, 0xeb, 0x48, 0x3e, 0x03,
0x30, 0x08, 0x21, 0x14, 0x13, 0x16, 0x18, 0x2c, 0x1f, 0x0f, 0x08, 0x07, 0x08, 0x0c, 0x13, 0x03, 0x13, 0x13, 0x14, 0x1a,
0x2c, 0x1f, 0x1e, 0xfd, 0x25, 0x02, 0x67, 0xfd, 0x44, 0x02, 0x67, 0xfd, 0x99, 0x02, 0xbc, 0x00, 0x00, 0x03, 0x00, 0x25,
0x00, 0x00, 0x02, 0x82, 0x03, 0x5f, 0x00, 0x03, 0x00, 0x0b, 0x00, 0x13, 0x00, 0x00, 0x01, 0x23, 0x17, 0x33, 0x0f, 0x01,
0x11, 0x17, 0x33, 0x37, 0x11, 0x27, 0x03, 0x23, 0x27, 0x11, 0x37, 0x33, 0x17, 0x11, 0x01, 0x45, 0x5f, 0x4e, 0x43, 0x95,
0xbd, 0xbd, 0xe3, 0xbd, 0xbd, 0x14, 0xbb, 0x92, 0x92, 0xbb, 0x92, 0x03, 0x5f, 0x6b, 0x38, 0x89, 0xfe, 0x56, 0x89, 0x89,
0x01, 0xaa, 0x89, 0xfd, 0x83, 0x6a, 0x01, 0x6a, 0x6a, 0x6a, 0xfe, 0x96, 0x00, 0x03, 0x00, 0x25, 0x00, 0x00, 0x02, 0x82,
0x03, 0x5f, 0x00, 0x03, 0x00, 0x0b, 0x00, 0x13, 0x00, 0x00, 0x01, 0x07, 0x33, 0x37, 0x0f, 0x01, 0x11, 0x17, 0x33, 0x37,
0x11, 0x27, 0x03, 0x23, 0x27, 0x11, 0x37, 0x33, 0x17, 0x11, 0x01, 0x67, 0x32, 0x41, 0x51, 0xe5, 0xbd, 0xbd, 0xe3, 0xbd,
0xbd, 0x14, 0xbb, 0x92, 0x92, 0xbb, 0x92, 0x03, 0x5f, 0x6b, 0x6b, 0xa3, 0x89, 0xfe, 0x56, 0x89, 0x89, 0x01, 0xaa, 0x89,
0xfd, 0x83, 0x6a, 0x01, 0x6a, 0x6a, 0x6a, 0xfe, 0x96, 0x00, 0x00, 0x00, 0x00, 0x03, 0x00, 0x25, 0x00, 0x00, 0x02, 0x82,
0x03, 0x61, 0x00, 0x06, 0x00, 0x0e, 0x00, 0x16, 0x00, 0x00, 0x01, 0x33, 0x2f, 0x01, 0x07, 0x17, 0x37, 0x0f, 0x01, 0x11,
0x17, 0x33, 0x37, 0x11, 0x27, 0x03, 0x23, 0x27, 0x11, 0x37, 0x33, 0x17, 0x11, 0x01, 0x76, 0x53, 0x63, 0x33, 0x62, 0x51,
0x2b, 0x6b, 0xbd, 0xbd, 0xe3, 0xbd, 0xbd, 0x14, 0xbb, 0x92, 0x92, 0xbb, 0x92, 0x02, 0xf3, 0x6d, 0x01, 0x6e, 0x01, 0x2f,
0x65, 0x89, 0xfe, 0x56, 0x89, 0x89, 0x01, 0xaa, 0x89, 0xfd, 0x83, 0x6a, 0x01, 0x6a, 0x6a, 0x6a, 0xfe, 0x96, 0x00, 0x00,
0x00, 0x03, 0x00, 0x25, 0x00, 0x00, 0x02, 0x82, 0x03, 0x60, 0x00, 0x24, 0x00, 0x2c, 0x00, 0x34, 0x00, 0x00, 0x01, 0x33,
0x32, 0x1f, 0x01, 0x16, 0x3b, 0x01, 0x32, 0x37, 0x36, 0x3d, 0x01, 0x23, 0x15, 0x14, 0x0f, 0x01, 0x23, 0x22, 0x2f, 0x01,
0x2e, 0x02, 0x35, 0x26, 0x2b, 0x01, 0x22, 0x07, 0x06, 0x1d, 0x01, 0x33, 0x35, 0x34, 0x0f, 0x01, 0x11, 0x17, 0x33, 0x37,
0x11, 0x27, 0x03, 0x23, 0x27, 0x11, 0x37, 0x33, 0x17, 0x11, 0x01, 0x0a, 0x19, 0x0f, 0x05, 0x13, 0x0c, 0x1b, 0x2b, 0x15,
0x12, 0x11, 0x29, 0x04, 0x03, 0x29, 0x0f, 0x04, 0x07, 0x02, 0x06, 0x04, 0x12, 0x15, 0x27, 0x16, 0x12, 0x11, 0x2b, 0x17,
0xbd, 0xbd, 0xe3, 0xbd, 0xbd, 0x14, 0xbb, 0x92, 0x92, 0xbb, 0x92, 0x03, 0x30, 0x08, 0x21, 0x14, 0x13, 0x16, 0x18, 0x2c,
0x1f, 0x0d, 0x0a, 0x07, 0x08, 0x0c, 0x04, 0x0b, 0x06, 0x01, 0x13, 0x13, 0x14, 0x1a, 0x2c, 0x1f, 0x1e, 0x74, 0x89, 0xfe,
0x56, 0x89, 0x89, 0x01, 0xaa, 0x89, 0xfd, 0x83, 0x6a, 0x01, 0x6a, 0x6a, 0x6a, 0xfe, 0x96, 0x00, 0x00, 0x04, 0x00, 0x25,
0x00, 0x00, 0x02, 0x82, 0x03, 0x42, 0x00, 0x04, 0x00, 0x09, 0x00, 0x11, 0x00, 0x19, 0x00, 0x00, 0x01, 0x27, 0x07, 0x17,
0x33, 0x37, 0x27, 0x07, 0x17, 0x33, 0x0f, 0x01, 0x11, 0x17, 0x33, 0x37, 0x11, 0x27, 0x03, 0x23, 0x27, 0x11, 0x37, 0x33,
0x17, 0x11, 0x01, 0x2d, 0x02, 0x52, 0x01, 0x51, 0xa3, 0x02, 0x52, 0x01, 0x51, 0xea, 0xbd, 0xbd, 0xe3, 0xbd, 0xbd, 0x14,
0xbb, 0x92, 0x92, 0xbb, 0x92, 0x02, 0xf6, 0x4c, 0x01, 0x4c, 0x01, 0x4c, 0x01, 0x4c, 0x39, 0x89, 0xfe, 0x56, 0x89, 0x89,
0x01, 0xaa, 0x89, 0xfd, 0x83, 0x6a, 0x01, 0x6a, 0x6a, 0x6a, 0xfe, 0x96, 0x00, 0x01, 0x00, 0x18, 0x00, 0xc5, 0x01, 0x6f,
0x02, 0x1c, 0x00, 0x0b, 0x00, 0x00, 0x01, 0x27, 0x07, 0x27, 0x07, 0x17, 0x07, 0x17, 0x37, 0x17, 0x37, 0x27, 0x01, 0x69,
0x29, 0x7f, 0x80, 0x29, 0x80, 0x7f, 0x29, 0x7f, 0x85, 0x29, 0x85, 0x01, 0xf2, 0x2a, 0x7f, 0x7f, 0x29, 0x7f, 0x7f, 0x29,
0x7e, 0x85, 0x2a, 0x85, 0x00, 0x03, 0x00, 0x15, 0xff, 0xe7, 0x02, 0xb6, 0x02, 0xd5, 0x00, 0x0f, 0x00, 0x15, 0x00, 0x1b,
0x00, 0x00, 0x01, 0x07, 0x27, 0x23, 0x07, 0x11, 0x17, 0x07, 0x17, 0x37, 0x17, 0x33, 0x37, 0x11, 0x27, 0x37, 0x01, 0x11,
0x37, 0x33, 0x17, 0x01, 0x05, 0x23, 0x27, 0x01, 0x17, 0x11, 0x02, 0x8b, 0x54, 0x60, 0xe3, 0xbd, 0x2e, 0x50, 0x2b, 0x54,
0x60, 0xe3, 0xbd, 0x2e, 0x50, 0xfd, 0xc0, 0x92, 0xbb, 0x4a, 0xfe, 0x82, 0x01, 0x34, 0xbb, 0x4a, 0x01, 0x7e, 0x19, 0x02,
0xd5, 0x5f, 0x46, 0x89, 0xfe, 0x56, 0x21, 0x5b, 0x26, 0x5f, 0x46, 0x89, 0x01, 0xaa, 0x21, 0x5b, 0xfd, 0xfa, 0x01, 0x6a,
0x6a, 0x36, 0xfe, 0x50, 0x58, 0x36, 0x01, 0xb0, 0x12, 0xfe, 0x96, 0x00, 0x00, 0x02, 0x00, 0x2b, 0x00, 0x00, 0x02, 0x80,
0x03, 0x5f, 0x00, 0x03, 0x00, 0x0f, 0x00, 0x00, 0x01, 0x23, 0x17, 0x33, 0x13, 0x07, 0x23, 0x27, 0x11, 0x23, 0x11, 0x17,
0x33, 0x37, 0x11, 0x23, 0x01, 0x4e, 0x60, 0x4e, 0x44, 0xc2, 0x90, 0xba, 0x8f, 0x3e, 0xb8, 0xe4, 0xb9, 0x3e, 0x03, 0x5f,
0x6b, 0xfd, 0xb4, 0x69, 0x68, 0x02, 0x15, 0xfd, 0xca, 0x86, 0x87, 0x02, 0x35, 0x00, 0x00, 0x00, 0x00, 0x02, 0x00, 0x2b,
0x00, 0x00, 0x02, 0x81, 0x03, 0x5f, 0x00, 0x03, 0x00, 0x0f, 0x00, 0x00, 0x01, 0x07, 0x33, 0x37, 0x13, 0x07, 0x23, 0x27,
0x11, 0x23, 0x11, 0x17, 0x33, 0x37, 0x11, 0x23, 0x01, 0x73, 0x32, 0x41, 0x51, 0x6f, 0x90, 0xba, 0x8f, 0x3e, 0xb8, 0xe4,
0xba, 0x3f, 0x03, 0x5f, 0x6b, 0x6b, 0xfd, 0x49, 0x69, 0x68, 0x02, 0x15, 0xfd, 0xca, 0x86, 0x87, 0x02, 0x35, 0x00, 0x00,
0x00, 0x02, 0x00, 0x2b, 0x00, 0x00, 0x02, 0x80, 0x03, 0x61, 0x00, 0x06, 0x00, 0x12, 0x00, 0x00, 0x01, 0x33, 0x2f, 0x01,
0x07, 0x17, 0x37, 0x13, 0x07, 0x23, 0x27, 0x11, 0x23, 0x11, 0x17, 0x33, 0x37, 0x11, 0x23, 0x01, 0x7f, 0x53, 0x63, 0x33,
0x62, 0x51, 0x2b, 0xec, 0x90, 0xba, 0x8f, 0x3e, 0xb8, 0xe4, 0xb9, 0x3e, 0x02, 0xf3, 0x6d, 0x01, 0x6e, 0x01, 0x2f, 0xfd,
0x86, 0x68, 0x67, 0x02, 0x16, 0xfd, 0xca, 0x86, 0x87, 0x02, 0x35, 0x00, 0x00, 0x03, 0x00, 0x2b, 0x00, 0x00, 0x02, 0x81,
0x03, 0x42, 0x00, 0x04, 0x00, 0x09, 0x00, 0x15, 0x00, 0x00, 0x01, 0x27, 0x07, 0x17, 0x33, 0x37, 0x27, 0x07, 0x17, 0x33,
0x13, 0x07, 0x23, 0x27, 0x11, 0x23, 0x11, 0x17, 0x33, 0x37, 0x11, 0x23, 0x01, 0x2f, 0x01, 0x53, 0x01, 0x52, 0xa2, 0x01,
0x53, 0x01, 0x52, 0x73, 0x90, 0xba, 0x8f, 0x3e, 0xb8, 0xe4, 0xba, 0x3f, 0x02, 0xf7, 0x4b, 0x01, 0x4c, 0x02, 0x4b, 0x01,
0x4c, 0xfd, 0xb2, 0x68, 0x67, 0x02, 0x16, 0xfd, 0xca, 0x86, 0x87, 0x02, 0x35, 0x00, 0x00, 0x00, 0x00, 0x02, 0x00, 0x08,
0x00, 0x00, 0x02, 0x16, 0x03, 0x5f, 0x00, 0x03, 0x00, 0x10, 0x00, 0x00, 0x01, 0x07, 0x33, 0x37, 0x13, 0x07, 0x27, 0x35,
0x23, 0x15, 0x17, 0x11, 0x33, 0x11, 0x37, 0x35, 0x23, 0x01, 0x1e, 0x32, 0x41, 0x51, 0x59, 0xc5, 0xcc, 0x3e, 0xeb, 0x3e,
0xe5, 0x3f, 0x03, 0x5f, 0x6b, 0x6b, 0xfe, 0xc5, 0xc6, 0xc6, 0x98, 0xb2, 0xe6, 0xfe, 0xdc, 0x01, 0x24, 0xe6, 0xb2, 0x00,
0x00, 0x01, 0x00, 0x2d, 0x00, 0x04, 0x02, 0x30, 0x02, 0xc0, 0x00, 0x16, 0x00, 0x00, 0x01, 0x35, 0x27, 0x23, 0x07, 0x11,
0x33, 0x11, 0x37, 0x33, 0x17, 0x15, 0x07, 0x15, 0x17, 0x15, 0x07, 0x23, 0x15, 0x33, 0x37, 0x35, 0x27, 0x01, 0xe9, 0x6d,
0xe4, 0x6b, 0x3e, 0x51, 0xa2, 0x4d, 0x4d, 0x93, 0x5a, 0xa7, 0xbe, 0x82, 0x93, 0x01, 0xc0, 0x7a, 0x86, 0x87, 0xfd, 0xcb,
0x02, 0x15, 0x67, 0x67, 0x38, 0x67, 0x40, 0x80, 0x28, 0x4e, 0x40, 0x6d, 0x6a, 0x7f, 0x00, 0x00, 0x00, 0x03, 0x00, 0x22,
0x00, 0x00, 0x01, 0xde, 0x02, 0xb9, 0x00, 0x03, 0x00, 0x0f, 0x00, 0x18, 0x00, 0x00, 0x01, 0x23, 0x17, 0x33, 0x17, 0x27,
0x0f, 0x01, 0x13, 0x17, 0x33, 0x37, 0x15, 0x33, 0x11, 0x23, 0x11, 0x0f, 0x01, 0x2f, 0x01, 0x3f, 0x01, 0x17, 0x15, 0x00,
0xff, 0x60, 0x4e, 0x43, 0x70, 0x51, 0xa4, 0x89, 0x02, 0x89, 0xa4, 0x4f, 0x3e, 0x3e, 0x62, 0x7d, 0x61, 0x01, 0x60, 0x7c,
0x65, 0x02, 0xb9, 0x6b, 0x8a, 0x3b, 0x01, 0x66, 0xfe, 0xcc, 0x64, 0x3b, 0x3b, 0x01, 0xff, 0xfe, 0x89, 0x49, 0x01, 0x45,
0xf6, 0x47, 0x01, 0x4a, 0xf0, 0x00, 0x00, 0x00, 0x00, 0x03, 0x00, 0x22, 0x00, 0x00, 0x01, 0xde, 0x02, 0xb8, 0x00, 0x03,
0x00, 0x0f, 0x00, 0x18, 0x00, 0x00, 0x01, 0x07, 0x33, 0x37, 0x17, 0x27, 0x0f, 0x01, 0x13, 0x17, 0x33, 0x37, 0x15, 0x33,
0x11, 0x23, 0x11, 0x0f, 0x01, 0x2f, 0x01, 0x3f, 0x01, 0x17, 0x15, 0x01, 0x04, 0x31, 0x41, 0x50, 0x3c, 0x51, 0xa4, 0x89,
0x02, 0x89, 0xa4, 0x4f, 0x3e, 0x3e, 0x62, 0x7d, 0x61, 0x02, 0x61, 0x7c, 0x65, 0x02, 0xb8, 0x6b, 0x6b, 0xf4, 0x3b, 0x01,
0x66, 0xfe, 0xcc, 0x64, 0x3b, 0x3b, 0x01, 0xff, 0xfe, 0x89, 0x49, 0x01, 0x45, 0xf6, 0x47, 0x01, 0x4a, 0xf0, 0x00, 0x00,
0x00, 0x03, 0x00, 0x22, 0x00, 0x00, 0x01, 0xde, 0x02, 0xba, 0x00, 0x06, 0x00, 0x12, 0x00, 0x1b, 0x00, 0x00, 0x01, 0x33,
0x2f, 0x01, 0x07, 0x17, 0x37, 0x17, 0x27, 0x0f, 0x01, 0x13, 0x17, 0x33, 0x37, 0x15, 0x33, 0x11, 0x23, 0x11, 0x0f, 0x01,
0x2f, 0x01, 0x3f, 0x01, 0x17, 0x15, 0x01, 0x21, 0x53, 0x63, 0x33, 0x62, 0x51, 0x2b, 0xa8, 0x51, 0xa4, 0x89, 0x02, 0x89,
0xa4, 0x4f, 0x3e, 0x3e, 0x62, 0x7d, 0x61, 0x01, 0x60, 0x7c, 0x65, 0x02, 0x4c, 0x6d, 0x01, 0x6e, 0x01, 0x2f, 0xb6, 0x3b,
0x01, 0x66, 0xfe, 0xcc, 0x64, 0x3b, 0x3b, 0x01, 0xff, 0xfe, 0x89, 0x49, 0x01, 0x45, 0xf6, 0x47, 0x01, 0x4a, 0xf0, 0x00,
0x00, 0x03, 0x00, 0x22, 0x00, 0x00, 0x01, 0xde, 0x02, 0xb8, 0x00, 0x24, 0x00, 0x30, 0x00, 0x39, 0x00, 0x00, 0x13, 0x33,
0x32, 0x1f, 0x01, 0x16, 0x3b, 0x01, 0x32, 0x37, 0x36, 0x3d, 0x01, 0x23, 0x15, 0x14, 0x0f, 0x01, 0x23, 0x22, 0x2f, 0x01,
0x2e, 0x02, 0x27, 0x26, 0x2b, 0x01, 0x22, 0x07, 0x06, 0x1d, 0x01, 0x33, 0x35, 0x34, 0x17, 0x27, 0x0f, 0x01, 0x13, 0x17,
0x33, 0x37, 0x15, 0x33, 0x11, 0x23, 0x11, 0x0f, 0x01, 0x2f, 0x01, 0x3f, 0x01, 0x17, 0x15, 0xba, 0x1a, 0x0f, 0x04, 0x13,
0x0c, 0x1b, 0x2b, 0x17, 0x10, 0x12, 0x2a, 0x03, 0x04, 0x28, 0x0c, 0x08, 0x06, 0x03, 0x06, 0x03, 0x01, 0x10, 0x17, 0x27,
0x17, 0x10, 0x11, 0x2b, 0xf6, 0x51, 0xa4, 0x89, 0x02, 0x89, 0xa4, 0x4f, 0x3e, 0x3e, 0x62, 0x7d, 0x61, 0x02, 0x61, 0x7c,
0x65, 0x02, 0x88, 0x08, 0x21, 0x14, 0x13, 0x15, 0x1a, 0x2b, 0x1f, 0x0f, 0x08, 0x07, 0x08, 0x0c, 0x05, 0x0b, 0x05, 0x01,
0x13, 0x13, 0x14, 0x1a, 0x2c, 0x20, 0x1d, 0xc4, 0x3b, 0x01, 0x66, 0xfe, 0xcc, 0x64, 0x3b, 0x3b, 0x01, 0xff, 0xfe, 0x89,
0x49, 0x01, 0x45, 0xf6, 0x47, 0x01, 0x4a, 0xf0, 0x00, 0x04, 0x00, 0x22, 0x00, 0x00, 0x01, 0xde, 0x02, 0x9b, 0x00, 0x04,
0x00, 0x09, 0x00, 0x15, 0x00, 0x1e, 0x00, 0x00, 0x13, 0x27, 0x07, 0x17, 0x33, 0x37, 0x27, 0x07, 0x17, 0x33, 0x17, 0x27,
0x0f, 0x01, 0x13, 0x17, 0x33, 0x37, 0x15, 0x33, 0x11, 0x23, 0x11, 0x0f, 0x01, 0x2f, 0x01, 0x3f, 0x01, 0x17, 0x15, 0xd5,
0x01, 0x53, 0x01, 0x52, 0xa2, 0x02, 0x52, 0x01, 0x51, 0x2c, 0x51, 0xa4, 0x89, 0x02, 0x89, 0xa4, 0x4f, 0x3e, 0x3e, 0x62,
0x7d, 0x61, 0x02, 0x61, 0x7c, 0x65, 0x02, 0x4f, 0x4c, 0x01, 0x4c, 0x01, 0x4c, 0x01, 0x4c, 0x8a, 0x3b, 0x01, 0x66, 0xfe,
0xcc, 0x64, 0x3b, 0x3b, 0x01, 0xff, 0xfe, 0x89, 0x49, 0x01, 0x45, 0xf6, 0x47, 0x01, 0x4a, 0xf0, 0x00, 0x04, 0x00, 0x22,
0x00, 0x00, 0x01, 0xde, 0x02, 0xcd, 0x00, 0x0f, 0x00, 0x1f, 0x00, 0x2b, 0x00, 0x34, 0x00, 0x00, 0x01, 0x32, 0x36, 0x3d,
0x01, 0x34, 0x26, 0x2b, 0x01, 0x22, 0x06, 0x1d, 0x01, 0x14, 0x16, 0x33, 0x37, 0x33, 0x32, 0x16, 0x1d, 0x01, 0x14, 0x06,
0x2b, 0x01, 0x22, 0x26, 0x3d, 0x01, 0x34, 0x36, 0x17, 0x27, 0x0f, 0x01, 0x13, 0x17, 0x33, 0x37, 0x15, 0x33, 0x11, 0x23,
0x11, 0x0f, 0x01, 0x2f, 0x01, 0x3f, 0x01, 0x17, 0x15, 0x01, 0x11, 0x14, 0x1d, 0x1d, 0x14, 0x35, 0x15, 0x1d, 0x1d, 0x15,
0x03, 0x2f, 0x06, 0x09, 0x09, 0x06, 0x2f, 0x07, 0x09, 0x09, 0xc8, 0x51, 0xa4, 0x89, 0x02, 0x89, 0xa4, 0x4f, 0x3e, 0x3e,
0x62, 0x7d, 0x61, 0x02, 0x61, 0x7c, 0x65, 0x02, 0x35, 0x1e, 0x14, 0x35, 0x14, 0x1d, 0x1d, 0x14, 0x35, 0x14, 0x1e, 0x74,
0x09, 0x07, 0x2f, 0x06, 0x09, 0x09, 0x06, 0x30, 0x06, 0x09, 0xe5, 0x3b, 0x01, 0x66, 0xfe, 0xcc, 0x64, 0x3b, 0x3b, 0x01,
0xff, 0xfe, 0x89, 0x49, 0x01, 0x45, 0xf6, 0x47, 0x01, 0x4a, 0xf0, 0x00, 0x00, 0x03, 0x00, 0x22, 0x00, 0x00, 0x03, 0x5e,
0x01, 0xff, 0x00, 0x19, 0x00, 0x22, 0x00, 0x28, 0x00, 0x00, 0x25, 0x07, 0x2f, 0x01, 0x21, 0x2f, 0x01, 0x0f, 0x01, 0x35,
0x23, 0x15, 0x27, 0x0f, 0x01, 0x13, 0x17, 0x33, 0x37, 0x15, 0x33, 0x35, 0x17, 0x33, 0x37, 0x27, 0x21, 0x0f, 0x01, 0x2f,
0x01, 0x3f, 0x01, 0x17, 0x15, 0x13, 0x37, 0x17, 0x15, 0x21, 0x27, 0x02, 0xbd, 0x7c, 0x61, 0x01, 0x01, 0x7b, 0x01, 0x8a,
0xa4, 0x4d, 0x3e, 0x51, 0xa4, 0x89, 0x02, 0x89, 0xa4, 0x4f, 0x3e, 0x4f, 0xa3, 0x8e, 0x3e, 0xfe, 0x80, 0x62, 0x7d, 0x61,
0x01, 0x60, 0x7c, 0x65, 0x9e, 0x7d, 0x61, 0xfe, 0xc3, 0x01, 0x3f, 0x01, 0x45, 0x78, 0xa0, 0x64, 0x01, 0x39, 0x3a, 0x3b,
0x3b, 0x01, 0x66, 0xfe, 0xcc, 0x64, 0x3b, 0x3b, 0x39, 0x39, 0x68, 0x20, 0x49, 0x01, 0x45, 0xf6, 0x47, 0x01, 0x4a, 0xf0,
0x01, 0x39, 0x01, 0x45, 0x42, 0x3f, 0x00, 0x00, 0x00, 0x01, 0x00, 0x22, 0xff, 0x4e, 0x01, 0xde, 0x01, 0xff, 0x00, 0x1c,
0x00, 0x00, 0x25, 0x27, 0x0f, 0x01, 0x2f, 0x01, 0x3f, 0x01, 0x17, 0x37, 0x27, 0x0f, 0x01, 0x13, 0x17, 0x33, 0x07, 0x17,
0x33, 0x07, 0x23, 0x07, 0x33, 0x3f, 0x01, 0x27, 0x23, 0x37, 0x33, 0x01, 0xde, 0x3e, 0x62, 0x7d, 0x61, 0x01, 0x60, 0x7c,
0x65, 0x3e, 0x8f, 0xa4, 0x89, 0x02, 0x89, 0x3e, 0x0c, 0x1f, 0x23, 0x06, 0x5b, 0x04, 0x6f, 0x20, 0x0a, 0x20, 0x23, 0x0b,
0x34, 0x68, 0x20, 0x49, 0x01, 0x45, 0xf6, 0x47, 0x01, 0x4a, 0x20, 0x68, 0x01, 0x66, 0xfe, 0xcc, 0x64, 0x35, 0x29, 0x28,
0x2c, 0x1b, 0x40, 0x26, 0x31, 0x00, 0x00, 0x00, 0x00, 0x03, 0x00, 0x22, 0x00, 0x00, 0x01, 0xde, 0x02, 0xb8, 0x00, 0x03,
0x00, 0x11, 0x00, 0x17, 0x00, 0x00, 0x13, 0x23, 0x17, 0x33, 0x13, 0x07, 0x2f, 0x01, 0x21, 0x2f, 0x01, 0x0f, 0x01, 0x13,
0x17, 0x33, 0x37, 0x27, 0x03, 0x37, 0x17, 0x15, 0x21, 0x27, 0xf5, 0x60, 0x4f, 0x43, 0x17, 0x7d, 0x61, 0x01, 0x01, 0x7c,
0x02, 0x8a, 0xa4, 0x89, 0x02, 0x89, 0xa4, 0x8d, 0x3e, 0xe1, 0x7c, 0x61, 0xfe, 0xc3, 0x01, 0x02, 0xb8, 0x6b, 0xfd, 0xf2,
0x01, 0x45, 0x78, 0xa0, 0x64, 0x01, 0x66, 0xfe, 0xcc, 0x64, 0x68, 0x20, 0x01, 0x38, 0x01, 0x45, 0x42, 0x3f, 0x00, 0x00,
0x00, 0x03, 0x00, 0x22, 0x00, 0x00, 0x01, 0xde, 0x02, 0xb8, 0x00, 0x03, 0x00, 0x11, 0x00, 0x17, 0x00, 0x00, 0x01, 0x07,
0x33, 0x37, 0x03, 0x07, 0x2f, 0x01, 0x21, 0x2f, 0x01, 0x0f, 0x01, 0x13, 0x17, 0x33, 0x37, 0x27, 0x03, 0x37, 0x17, 0x15,
0x21, 0x27, 0x01, 0x14, 0x32, 0x41, 0x50, 0x35, 0x7d, 0x61, 0x01, 0x01, 0x7c, 0x02, 0x8a, 0xa4, 0x89, 0x02, 0x89, 0xa4,
0x8d, 0x3e, 0xe1, 0x7c, 0x61, 0xfe, 0xc3, 0x01, 0x02, 0xb8, 0x6b, 0x6b, 0xfd, 0x87, 0x01, 0x45, 0x78, 0xa0, 0x64, 0x01,
0x66, 0xfe, 0xcc, 0x64, 0x68, 0x20, 0x01, 0x38, 0x01, 0x45, 0x42, 0x3f, 0x00, 0x03, 0x00, 0x22, 0x00, 0x00, 0x01, 0xde,
0x02, 0xba, 0x00, 0x06, 0x00, 0x14, 0x00, 0x1a, 0x00, 0x00, 0x01, 0x33, 0x2f, 0x01, 0x07, 0x17, 0x37, 0x13, 0x07, 0x2f,
0x01, 0x21, 0x2f, 0x01, 0x0f, 0x01, 0x13, 0x17, 0x33, 0x37, 0x27, 0x03, 0x37, 0x17, 0x15, 0x21, 0x27, 0x01, 0x27, 0x53,
0x63, 0x32, 0x63, 0x52, 0x2a, 0x40, 0x7d, 0x61, 0x01, 0x01, 0x7c, 0x02, 0x8a, 0xa4, 0x89, 0x02, 0x89, 0xa4, 0x8d, 0x3e,
0xe1, 0x7c, 0x61, 0xfe, 0xc3, 0x01, 0x02, 0x4c, 0x6d, 0x01, 0x6e, 0x01, 0x2f, 0xfd, 0xc5, 0x01, 0x45, 0x78, 0xa0, 0x64,
0x01, 0x66, 0xfe, 0xcc, 0x64, 0x68, 0x20, 0x01, 0x38, 0x01, 0x45, 0x42, 0x3f, 0x00, 0x00, 0x00, 0x00, 0x04, 0x00, 0x22,
0x00, 0x00, 0x01, 0xde, 0x02, 0x9b, 0x00, 0x04, 0x00, 0x09, 0x00, 0x17, 0x00, 0x1d, 0x00, 0x00, 0x13, 0x27, 0x07, 0x17,
0x33, 0x37, 0x27, 0x07, 0x17, 0x33, 0x03, 0x07, 0x2f, 0x01, 0x21, 0x2f, 0x01, 0x0f, 0x01, 0x13, 0x17, 0x33, 0x37, 0x27,
0x03, 0x37, 0x17, 0x15, 0x21, 0x27, 0xd9, 0x02, 0x52, 0x01, 0x51, 0xa3, 0x02, 0x52, 0x01, 0x51, 0x3a, 0x7d, 0x61, 0x01,
0x01, 0x7c, 0x02, 0x8a, 0xa4, 0x89, 0x02, 0x89, 0xa4, 0x8d, 0x3e, 0xe1, 0x7c, 0x61, 0xfe, 0xc3, 0x01, 0x02, 0x4f, 0x4c,
0x01, 0x4c, 0x01, 0x4c, 0x01, 0x4c, 0xfd, 0xf1, 0x01, 0x45, 0x78, 0xa0, 0x64, 0x01, 0x66, 0xfe, 0xcc, 0x64, 0x68, 0x20,
0x01, 0x38, 0x01, 0x45, 0x42, 0x3f, 0x00, 0x00, 0x00, 0x02, 0xff, 0xdc, 0x00, 0x00, 0x00, 0x6e, 0x02, 0xb8, 0x00, 0x03,
0x00, 0x07, 0x00, 0x00, 0x03, 0x17, 0x33, 0x27, 0x17, 0x23, 0x11, 0x33, 0x24, 0x4f, 0x43, 0x32, 0x2f, 0x3e, 0x3e, 0x02,
0xb8, 0x6b, 0x6b, 0xba, 0xfe, 0x02, 0x00, 0x00, 0x00, 0x02, 0x00, 0x2d, 0x00, 0x00, 0x00, 0xc1, 0x02, 0xb8, 0x00, 0x03,
0x00, 0x07, 0x00, 0x00, 0x13, 0x33, 0x37, 0x23, 0x17, 0x23, 0x11, 0x33, 0x2f, 0x41, 0x51, 0x60, 0x0a, 0x3e, 0x3e, 0x02,
0x4d, 0x6b, 0xba, 0xfe, 0x02, 0x00, 0x00, 0x00, 0x00, 0x02, 0xff, 0xcf, 0x00, 0x00, 0x00, 0xc7, 0x02, 0xba, 0x00, 0x06,
0x00, 0x0a, 0x00, 0x00, 0x13, 0x07, 0x17, 0x37, 0x17, 0x33, 0x27, 0x17, 0x23, 0x11, 0x33, 0x31, 0x62, 0x51, 0x2b, 0x29,
0x53, 0x63, 0x07, 0x3e, 0x3e, 0x02, 0xba, 0x6e, 0x01, 0x2f, 0x2e, 0x6d, 0xbb, 0xfe, 0x02, 0x00, 0x00, 0x03, 0xff, 0xd2,
0x00, 0x00, 0x00, 0xc7, 0x02, 0x9c, 0x00, 0x04, 0x00, 0x09, 0x00, 0x0d, 0x00, 0x00, 0x03, 0x33, 0x37, 0x27, 0x07, 0x33,
0x17, 0x33, 0x37, 0x27, 0x07, 0x23, 0x11, 0x33, 0x2d, 0x52, 0x01, 0x01, 0x53, 0xa1, 0x01, 0x52, 0x01, 0x01, 0x5b, 0x3e,
0x3e, 0x02, 0x4f, 0x02, 0x4b, 0x01, 0x4c, 0x02, 0x4b, 0x9e, 0xfe, 0x02, 0x00, 0x02, 0x00, 0x2d, 0x00, 0x00, 0x01, 0xe6,
0x02, 0xb9, 0x00, 0x27, 0x00, 0x35, 0x00, 0x00, 0x13, 0x33, 0x32, 0x1f, 0x01, 0x16, 0x3b, 0x01, 0x32, 0x37, 0x36, 0x3d,
0x01, 0x23, 0x15, 0x14, 0x0f, 0x01, 0x23, 0x22, 0x2f, 0x01, 0x2e, 0x01, 0x27, 0x2e, 0x02, 0x35, 0x26, 0x2b, 0x01, 0x22,
0x07, 0x06, 0x1d, 0x01, 0x33, 0x35, 0x34, 0x05, 0x27, 0x0f, 0x01, 0x35, 0x23, 0x11, 0x33, 0x11, 0x3f, 0x01, 0x17, 0x11,
0x33, 0xc2, 0x19, 0x0f, 0x05, 0x13, 0x0c, 0x1b, 0x2b, 0x15, 0x12, 0x11, 0x29, 0x04, 0x03, 0x28, 0x10, 0x04, 0x01, 0x01,
0x03, 0x02, 0x03, 0x06, 0x03, 0x10, 0x17, 0x27, 0x17, 0x10, 0x11, 0x2a, 0x01, 0x33, 0x8a, 0xa4, 0x4b, 0x3e, 0x3e, 0x5f,
0x7d, 0x61, 0x3e, 0x02, 0x89, 0x08, 0x21, 0x14, 0x13, 0x16, 0x18, 0x2c, 0x1f, 0x10, 0x07, 0x07, 0x08, 0x02, 0x01, 0x06,
0x03, 0x06, 0x0a, 0x05, 0x01, 0x13, 0x13, 0x12, 0x1c, 0x2c, 0x1f, 0x1e, 0xf3, 0x64, 0x01, 0x38, 0x3d, 0xfe, 0x02, 0x01,
0x75, 0x46, 0x01, 0x45, 0xfe, 0x89, 0x00, 0x00, 0x00, 0x03, 0x00, 0x22, 0x00, 0x00, 0x01, 0xdb, 0x02, 0xb8, 0x00, 0x03,
0x00, 0x0b, 0x00, 0x13, 0x00, 0x00, 0x13, 0x23, 0x17, 0x33, 0x17, 0x0f, 0x01, 0x13, 0x17, 0x33, 0x37, 0x03, 0x01, 0x2f,
0x01, 0x3f, 0x01, 0x1f, 0x01, 0x07, 0xed, 0x60, 0x4f, 0x43, 0x30, 0xa4, 0x89, 0x02, 0x89, 0xa4, 0x8a, 0x02, 0xfe, 0xe8,
0x61, 0x01, 0x61, 0x7c, 0x61, 0x01, 0x60, 0x02, 0xb8, 0x6b, 0x52, 0x01, 0x65, 0xfe, 0xce, 0x63, 0x66, 0x01, 0x32, 0xfe,
0xa5, 0x45, 0xf4, 0x47, 0x01, 0x45, 0xf4, 0x47, 0x00, 0x03, 0x00, 0x22, 0x00, 0x00, 0x01, 0xdb, 0x02, 0xb8, 0x00, 0x03,
0x00, 0x0b, 0x00, 0x13, 0x00, 0x00, 0x01, 0x07, 0x33, 0x37, 0x0f, 0x02, 0x13, 0x17, 0x33, 0x37, 0x03, 0x01, 0x2f, 0x01,
0x3f, 0x01, 0x1f, 0x01, 0x07, 0x01, 0x12, 0x32, 0x41, 0x51, 0x23, 0xa4, 0x89, 0x02, 0x89, 0xa4, 0x8a, 0x02, 0xfe, 0xe8,
0x61, 0x01, 0x61, 0x7b, 0x62, 0x01, 0x60, 0x02, 0xb8, 0x6b, 0x6b, 0xbd, 0x01, 0x65, 0xfe, 0xce, 0x63, 0x66, 0x01, 0x32,
0xfe, 0xa5, 0x45, 0xf4, 0x47, 0x01, 0x45, 0xf4, 0x47, 0x00, 0x00, 0x00, 0x00, 0x03, 0x00, 0x22, 0x00, 0x00, 0x01, 0xdb,
0x02, 0xba, 0x00, 0x06, 0x00, 0x0e, 0x00, 0x16, 0x00, 0x00, 0x01, 0x33, 0x2f, 0x01, 0x07, 0x17, 0x37, 0x17, 0x0f, 0x01,
0x13, 0x17, 0x33, 0x37, 0x03, 0x01, 0x2f, 0x01, 0x3f, 0x01, 0x1f, 0x01, 0x07, 0x01, 0x1f, 0x53, 0x63, 0x32, 0x63, 0x51,
0x2b, 0x59, 0xa4, 0x89, 0x02, 0x89, 0xa4, 0x8a, 0x02, 0xfe, 0xe8, 0x61, 0x01, 0x61, 0x7c, 0x61, 0x01, 0x60, 0x02, 0x4c,
0x6d, 0x01, 0x6e, 0x01, 0x2f, 0x7f, 0x01, 0x65, 0xfe, 0xce, 0x63, 0x66, 0x01, 0x32, 0xfe, 0xa5, 0x45, 0xf4, 0x47, 0x01,
0x45, 0xf4, 0x47, 0x00, 0x00, 0x03, 0x00, 0x22, 0x00, 0x00, 0x01, 0xdb, 0x02, 0xb9, 0x00, 0x22, 0x00, 0x2a, 0x00, 0x32,
0x00, 0x00, 0x13, 0x33, 0x32, 0x1f, 0x01, 0x16, 0x3b, 0x01, 0x32, 0x37, 0x36, 0x3d, 0x01, 0x23, 0x15, 0x14, 0x0f, 0x01,
0x23, 0x22, 0x2f, 0x01, 0x26, 0x27, 0x26, 0x2b, 0x01, 0x22, 0x07, 0x06, 0x1d, 0x01, 0x33, 0x35, 0x34, 0x17, 0x0f, 0x01,
0x13, 0x17, 0x33, 0x37, 0x03, 0x01, 0x2f, 0x01, 0x3f, 0x01, 0x1f, 0x01, 0x07, 0xb6, 0x1a, 0x0e, 0x06, 0x12, 0x0e, 0x1a,
0x2b, 0x15, 0x12, 0x11, 0x2a, 0x03, 0x04, 0x28, 0x0f, 0x04, 0x07, 0x0b, 0x02, 0x10, 0x17, 0x27, 0x15, 0x12, 0x11, 0x2b,
0xa9, 0xa4, 0x89, 0x02, 0x89, 0xa4, 0x8a, 0x02, 0xfe, 0xe8, 0x61, 0x01, 0x61, 0x7c, 0x61, 0x01, 0x60, 0x02, 0x89, 0x08,
0x21, 0x14, 0x13, 0x14, 0x1a, 0x2c, 0x1f, 0x10, 0x07, 0x07, 0x08, 0x0c, 0x14, 0x02, 0x13, 0x13, 0x14, 0x1a, 0x2c, 0x1f,
0x1e, 0x8e, 0x01, 0x65, 0xfe, 0xce, 0x63, 0x66, 0x01, 0x32, 0xfe, 0xa5, 0x45, 0xf4, 0x47, 0x01, 0x45, 0xf4, 0x47, 0x00,
0x00, 0x04, 0x00, 0x22, 0x00, 0x00, 0x01, 0xdb, 0x02, 0x9b, 0x00, 0x04, 0x00, 0x09, 0x00, 0x11, 0x00, 0x19, 0x00, 0x00,
0x13, 0x27, 0x07, 0x17, 0x33, 0x37, 0x27, 0x07, 0x17, 0x33, 0x0f, 0x02, 0x13, 0x17, 0x33, 0x37, 0x03, 0x01, 0x2f, 0x01,
0x3f, 0x01, 0x1f, 0x01, 0x07, 0xd7, 0x01, 0x53, 0x01, 0x52, 0xa2, 0x01, 0x53, 0x01, 0x52, 0x28, 0xa4, 0x89, 0x02, 0x89,
0xa4, 0x8a, 0x02, 0xfe, 0xe8, 0x61, 0x01, 0x61, 0x7c, 0x61, 0x01, 0x60, 0x02, 0x4f, 0x4c, 0x01, 0x4c, 0x01, 0x4c, 0x01,
0x4c, 0x53, 0x01, 0x65, 0xfe, 0xce, 0x63, 0x66, 0x01, 0x32, 0xfe, 0xa5, 0x45, 0xf4, 0x47, 0x01, 0x45, 0xf4, 0x47, 0x00,
0x00, 0x03, 0x00, 0x0d, 0x00, 0xbf, 0x01, 0xc6, 0x01, 0xf6, 0x00, 0x03, 0x00, 0x07, 0x00, 0x0b, 0x00, 0x00, 0x01, 0x21,
0x15, 0x21, 0x27, 0x23, 0x15, 0x33, 0x15, 0x23, 0x15, 0x33, 0x01, 0xc6, 0xfe, 0x47, 0x01, 0xb9, 0xbc, 0x3e, 0x3e, 0x3e,
0x3e, 0x01, 0x78, 0x3b, 0xb9, 0x41, 0xb5, 0x41, 0x00, 0x03, 0x00, 0x1c, 0xff, 0xd9, 0x01, 0xeb, 0x02, 0x22, 0x00, 0x0f,
0x00, 0x15, 0x00, 0x1b, 0x00, 0x00, 0x01, 0x27, 0x07, 0x27, 0x0f, 0x01, 0x13, 0x17, 0x07, 0x17, 0x37, 0x17, 0x33, 0x37,
0x03, 0x27, 0x01, 0x27, 0x3f, 0x01, 0x17, 0x03, 0x17, 0x27, 0x13, 0x1f, 0x01, 0x07, 0x01, 0xeb, 0x2e, 0x37, 0x31, 0xa5,
0x89, 0x02, 0x2a, 0x37, 0x2e, 0x38, 0x31, 0xa3, 0x8a, 0x02, 0x2a, 0xfe, 0xb2, 0x02, 0x62, 0x7b, 0x20, 0xe9, 0x4f, 0x20,
0xe9, 0x12, 0x02, 0x61, 0x01, 0xff, 0x23, 0x4a, 0x23, 0x01, 0x65, 0xfe, 0xce, 0x1e, 0x49, 0x23, 0x4a, 0x23, 0x66, 0x01,
0x32, 0x1e, 0xfe, 0xcc, 0xf4, 0x47, 0x01, 0x17, 0xfe, 0xce, 0x38, 0x17, 0x01, 0x32, 0x0d, 0xf4, 0x47, 0x00, 0x00, 0x00,
0x00, 0x02, 0x00, 0x27, 0xff, 0xfb, 0x01, 0xe1, 0x02, 0xb8, 0x00, 0x03, 0x00, 0x11, 0x00, 0x00, 0x01, 0x23, 0x17, 0x33,
0x13, 0x0f, 0x01, 0x27, 0x11, 0x23, 0x13, 0x17, 0x33, 0x37, 0x15, 0x33, 0x11, 0x23, 0x01, 0x00, 0x60, 0x4e, 0x44, 0x71,
0x60, 0x7c, 0x62, 0x3e, 0x02, 0x8a, 0xa3, 0x4d, 0x3e, 0x3e, 0x02, 0xb8, 0x6b, 0xfe, 0x38, 0x46, 0x01, 0x45, 0x01, 0x78,
0xfe, 0x69, 0x64, 0x39, 0x3e, 0x02, 0x00, 0x00, 0x00, 0x02, 0x00, 0x27, 0xff, 0xfb, 0x01, 0xe1, 0x02, 0xb8, 0x00, 0x03,
0x00, 0x11, 0x00, 0x00, 0x01, 0x07, 0x33, 0x37, 0x13, 0x0f, 0x01, 0x27, 0x11, 0x23, 0x13, 0x17, 0x33, 0x37, 0x15, 0x33,
0x11, 0x23, 0x01, 0x21, 0x32, 0x41, 0x51, 0x22, 0x60, 0x7c, 0x62, 0x3e, 0x02, 0x8a, 0xa3, 0x4d, 0x3e, 0x3e, 0x02, 0xb8,
0x6b, 0x6b, 0xfd, 0xcd, 0x46, 0x01, 0x45, 0x01, 0x78, 0xfe, 0x69, 0x64, 0x39, 0x3e, 0x02, 0x00, 0x00, 0x02, 0x00, 0x27,
0xff, 0xff, 0x01, 0xe1, 0x02, 0xbe, 0x00, 0x06, 0x00, 0x14, 0x00, 0x00, 0x01, 0x33, 0x2f, 0x01, 0x07, 0x17, 0x37, 0x13,
0x0f, 0x01, 0x27, 0x11, 0x23, 0x13, 0x17, 0x33, 0x37, 0x15, 0x33, 0x11, 0x23, 0x01, 0x2c, 0x52, 0x62, 0x33, 0x62, 0x51,
0x2b, 0xa0, 0x60, 0x7c, 0x62, 0x3e, 0x02, 0x8a, 0xa3, 0x4d, 0x3e, 0x3e, 0x02, 0x4f, 0x6e, 0x01, 0x6f, 0x01, 0x2f, 0xfe,
0x0c, 0x47, 0x01, 0x45, 0x01, 0x79, 0xfe, 0x68, 0x64, 0x39, 0x3d, 0x01, 0xff, 0x00, 0x00, 0x00, 0x00, 0x03, 0x00, 0x27,
0xff, 0xff, 0x01, 0xe1, 0x02, 0x9f, 0x00, 0x04, 0x00, 0x09, 0x00, 0x17, 0x00, 0x00, 0x13, 0x27, 0x07, 0x17, 0x33, 0x37,
0x27, 0x07, 0x17, 0x33, 0x13, 0x0f, 0x01, 0x27, 0x11, 0x23, 0x13, 0x17, 0x33, 0x37, 0x15, 0x33, 0x11, 0x23, 0xdc, 0x02,
0x52, 0x01, 0x51, 0xa3, 0x02, 0x52, 0x01, 0x51, 0x28, 0x60, 0x7c, 0x62, 0x3e, 0x02, 0x8a, 0xa3, 0x4d, 0x3e, 0x3e, 0x02,
0x53, 0x4c, 0x01, 0x4d, 0x02, 0x4c, 0x01, 0x4d, 0xfe, 0x38, 0x47, 0x01, 0x45, 0x01, 0x79, 0xfe, 0x68, 0x64, 0x39, 0x3d,
0x01, 0xff, 0x00, 0x00, 0x00, 0x02, 0x00, 0x10, 0xff, 0x1d, 0x01, 0xc9, 0x02, 0xbc, 0x00, 0x03, 0x00, 0x11, 0x00, 0x00,
0x13, 0x07, 0x33, 0x37, 0x13, 0x03, 0x23, 0x03, 0x35, 0x23, 0x15, 0x13, 0x33, 0x07, 0x33, 0x01, 0x35, 0x23, 0xfc, 0x32,
0x41, 0x51, 0x31, 0x98, 0x10, 0x98, 0x3d, 0xad, 0x1b, 0x6f, 0x45, 0x01, 0x1b, 0x3d, 0x02, 0xbc, 0x6c, 0x6c, 0xfe, 0xc5,
0xfe, 0xc1, 0x01, 0x3d, 0x85, 0x92, 0xfe, 0x93, 0xe8, 0x02, 0x57, 0x90, 0x00, 0x03, 0x00, 0x10, 0xff, 0x1d, 0x01, 0xc9,
0x02, 0x9f, 0x00, 0x04, 0x00, 0x09, 0x00, 0x17, 0x00, 0x00, 0x13, 0x27, 0x07, 0x17, 0x33, 0x37, 0x27, 0x07, 0x17, 0x33,
0x17, 0x03, 0x23, 0x03, 0x35, 0x23, 0x15, 0x13, 0x33, 0x07, 0x33, 0x01, 0x35, 0x23, 0xc5, 0x02, 0x53, 0x01, 0x52, 0xa3,
0x02, 0x53, 0x01, 0x52, 0x29, 0x98, 0x10, 0x98, 0x3d, 0xad, 0x1b, 0x6f, 0x45, 0x01, 0x1b, 0x3d, 0x02, 0x53, 0x4c, 0x01,
0x4d, 0x02, 0x4c, 0x01, 0x4d, 0xd0, 0xfe, 0xc1, 0x01, 0x3d, 0x85, 0x92, 0xfe, 0x93, 0xe8, 0x02, 0x57, 0x90, 0x00, 0x00,
0x00, 0x01, 0x00, 0x2d, 0x00, 0x04, 0x00, 0x6b, 0x02, 0x02, 0x00, 0x03, 0x00, 0x00, 0x13, 0x23, 0x11, 0x33, 0x6b, 0x3e,
0x3e, 0x02, 0x02, 0xfe, 0x02, 0x00, 0x00, 0x00, 0x00, 0x02, 0x00, 0x25, 0x00, 0x00, 0x04, 0x4c, 0x02, 0xbc, 0x00, 0x14,
0x00, 0x1c, 0x00, 0x00, 0x01, 0x35, 0x21, 0x35, 0x21, 0x35, 0x21, 0x15, 0x27, 0x23, 0x07, 0x11, 0x17, 0x33, 0x37, 0x15,
0x33, 0x21, 0x35, 0x21, 0x11, 0x03, 0x23, 0x27, 0x11, 0x37, 0x33, 0x17, 0x11, 0x04, 0x0a, 0xfe, 0x79, 0x01, 0xc9, 0xfd,
0xf8, 0x7f, 0xe3, 0xbd, 0xbd, 0xe3, 0x7f, 0x04, 0x02, 0x04, 0xfe, 0x37, 0xd2, 0xbb, 0x92, 0x92, 0xbb, 0x92, 0x01, 0x4f,
0x3f, 0xef, 0x3f, 0x5c, 0x5c, 0x89, 0xfe, 0x56, 0x89, 0x5c, 0x5a, 0x3e, 0x01, 0x0f, 0xfe, 0xf0, 0x6a, 0x01, 0x6a, 0x6a,
0x6a, 0xfe, 0x96, 0x00, 0x00, 0x03, 0x00, 0x22, 0x00, 0x00, 0x03, 0x59, 0x01, 0xfb, 0x00, 0x13, 0x00, 0x1b, 0x00, 0x21,
0x00, 0x00, 0x25, 0x07, 0x2f, 0x01, 0x21, 0x2f, 0x01, 0x23, 0x07, 0x27, 0x23, 0x07, 0x13, 0x17, 0x33, 0x37, 0x17, 0x33,
0x37, 0x27, 0x05, 0x2f, 0x01, 0x3f, 0x01, 0x1f, 0x01, 0x07, 0x13, 0x37, 0x17, 0x15, 0x21, 0x35, 0x02, 0xba, 0x7c, 0x60,
0x01, 0x01, 0x78, 0x01, 0x89, 0xa3, 0x6a, 0x6f, 0xa4, 0x89, 0x02, 0x89, 0xa4, 0x6b, 0x6e, 0xa2, 0x8d, 0x3e, 0xfd, 0xa6,
0x61, 0x01, 0x61, 0x7b, 0x61, 0x02, 0x60, 0xfd, 0x7c, 0x61, 0xfe, 0xc4, 0x3e, 0x01, 0x45, 0x78, 0x9e, 0x63, 0x4f, 0x4f,
0x66, 0xfe, 0xce, 0x63, 0x50, 0x50, 0x67, 0x20, 0x4a, 0x45, 0xf4, 0x47, 0x01, 0x45, 0xf4, 0x47, 0x01, 0x7f, 0x01, 0x45,
0x41, 0x3e, 0x00, 0x00, 0x00, 0x02, 0x00, 0x18, 0x00, 0x00, 0x02, 0x6b, 0x03, 0x61, 0x00, 0x06, 0x00, 0x1a, 0x00, 0x00,
0x01, 0x27, 0x07, 0x27, 0x23, 0x1f, 0x01, 0x07, 0x33, 0x17, 0x37, 0x27, 0x23, 0x07, 0x15, 0x05, 0x15, 0x07, 0x23, 0x27,
0x07, 0x17, 0x33, 0x37, 0x35, 0x25, 0x35, 0x01, 0xbe, 0x52, 0x2a, 0x29, 0x53, 0x64, 0x31, 0x76, 0xba, 0x97, 0x35, 0xb8,
0xe3, 0xb8, 0x02, 0x15, 0x8e, 0xba, 0x97, 0x36, 0xb8, 0xe3, 0xb8, 0xfd, 0xeb, 0x03, 0x60, 0x01, 0x2f, 0x2e, 0x6d, 0x01,
0x75, 0x6d, 0x27, 0x85, 0x85, 0xb1, 0x8c, 0x54, 0x67, 0x6d, 0x27, 0x85, 0x85, 0xa4, 0x8d, 0x60, 0x00, 0x02, 0x00, 0x16,
0x00, 0x03, 0x01, 0xd6, 0x02, 0xbe, 0x00, 0x06, 0x00, 0x1a, 0x00, 0x00, 0x01, 0x27, 0x07, 0x2f, 0x01, 0x1f, 0x01, 0x07,
0x37, 0x17, 0x37, 0x27, 0x23, 0x07, 0x15, 0x05, 0x17, 0x07, 0x23, 0x27, 0x07, 0x17, 0x33, 0x37, 0x35, 0x25, 0x27, 0x01,
0x72, 0x51, 0x2b, 0x29, 0x53, 0x65, 0x30, 0x59, 0x7d, 0x65, 0x3e, 0x8f, 0xa4, 0x89, 0x01, 0x7a, 0x02, 0x61, 0x7c, 0x65,
0x3e, 0x8f, 0xa3, 0x8a, 0xfe, 0x86, 0x02, 0x02, 0xbd, 0x01, 0x2f, 0x2d, 0x01, 0x6e, 0x01, 0x8b, 0x01, 0x4a, 0x20, 0x67,
0x67, 0x7e, 0x64, 0x2f, 0x48, 0x49, 0x20, 0x67, 0x67, 0x7e, 0x64, 0x2f, 0x00, 0x03, 0x00, 0x08, 0x00, 0x00, 0x02, 0x16,
0x03, 0x42, 0x00, 0x04, 0x00, 0x09, 0x00, 0x16, 0x00, 0x00, 0x13, 0x27, 0x07, 0x17, 0x33, 0x37, 0x27, 0x07, 0x17, 0x33,
0x17, 0x07, 0x27, 0x35, 0x23, 0x15, 0x17, 0x11, 0x33, 0x11, 0x37, 0x35, 0x23, 0xe9, 0x02, 0x53, 0x01, 0x52, 0xa2, 0x01,
0x53, 0x01, 0x52, 0x4f, 0xc5, 0xcc, 0x3e, 0xeb, 0x3e, 0xe5, 0x3f, 0x02, 0xf7, 0x4b, 0x01, 0x4c, 0x02, 0x4b, 0x01, 0x4c,
0xd1, 0xc6, 0xc6, 0x98, 0xb2, 0xe6, 0xfe, 0xdc, 0x01, 0x24, 0xe6, 0xb2, 0x00, 0x02, 0x00, 0x09, 0x00, 0x00, 0x02, 0x2a,
0x03, 0x61, 0x00, 0x06, 0x00, 0x10, 0x00, 0x00, 0x01, 0x27, 0x07, 0x27, 0x23, 0x1f, 0x01, 0x05, 0x15, 0x21, 0x01, 0x15,
0x21, 0x35, 0x21, 0x01, 0x35, 0x01, 0x95, 0x51, 0x2b, 0x29, 0x52, 0x64, 0x31, 0xfe, 0xd6, 0x01, 0xd0, 0xfe, 0x30, 0x02,
0x21, 0xfe, 0x2b, 0x01, 0xd5, 0x03, 0x60, 0x01, 0x2f, 0x2e, 0x6d, 0x01, 0x35, 0x3e, 0xfd, 0xc5, 0x44, 0x3f, 0x02, 0x40,
0x3e, 0x00, 0x00, 0x00, 0x00, 0x02, 0x00, 0x11, 0x00, 0x03, 0x01, 0x9b, 0x02, 0xbe, 0x00, 0x06, 0x00, 0x10, 0x00, 0x00,
0x01, 0x27, 0x07, 0x2f, 0x01, 0x1f, 0x02, 0x35, 0x21, 0x15, 0x21, 0x01, 0x15, 0x21, 0x35, 0x21, 0x01, 0x52, 0x52, 0x2a,
0x29, 0x53, 0x64, 0x31, 0xab, 0xfe, 0x77, 0x01, 0x2d, 0xfe, 0xd3, 0x01, 0x8a, 0xfe, 0xce, 0x02, 0xbd, 0x01, 0x2f, 0x2d,
0x01, 0x6e, 0x01, 0x8c, 0x42, 0x46, 0xfe, 0x8c, 0x47, 0x46, 0x00, 0x00, 0x00, 0x01, 0x00, 0x10, 0x01, 0x2c, 0x01, 0xd1,
0x01, 0x7b, 0x00, 0x03, 0x00, 0x00, 0x01, 0x21, 0x15, 0x21, 0x01, 0xd1, 0xfe, 0x3f, 0x01, 0xc1, 0x01, 0x7b, 0x4f, 0x00,
0x00, 0x01, 0x00, 0x10, 0x01, 0x2c, 0x02, 0x2b, 0x01, 0x7b, 0x00, 0x03, 0x00, 0x00, 0x01, 0x21, 0x15, 0x21, 0x02, 0x2b,
0xfd, 0xe5, 0x02, 0x1b, 0x01, 0x7b, 0x4f, 0x00, 0x00, 0x01, 0x00, 0x15, 0x01, 0xc2, 0x00, 0x55, 0x02, 0x4b, 0x00, 0x06,
0x00, 0x00, 0x13, 0x23, 0x07, 0x15, 0x33, 0x35, 0x23, 0x48, 0x1f, 0x14, 0x40, 0x20, 0x02, 0x4b, 0x4c, 0x3d, 0x40, 0x00,
0x00, 0x01, 0x00, 0x14, 0x01, 0xc2, 0x00, 0x54, 0x02, 0x4b, 0x00, 0x06, 0x00, 0x00, 0x13, 0x33, 0x07, 0x33, 0x37, 0x35,
0x23, 0x14, 0x20, 0x13, 0x1f, 0x14, 0x40, 0x02, 0x0b, 0x49, 0x4c, 0x3d, 0x00, 0x01, 0x00, 0x0f, 0xff, 0xb8, 0x00, 0x4f,
0x00, 0x40, 0x00, 0x06, 0x00, 0x00, 0x3b, 0x01, 0x07, 0x33, 0x37, 0x35, 0x23, 0x0f, 0x20, 0x13, 0x1f, 0x14, 0x40, 0x48,
0x4c, 0x3c, 0x00, 0x00, 0x00, 0x02, 0x00, 0x15, 0x01, 0xc2, 0x00, 0xb0, 0x02, 0x4b, 0x00, 0x06, 0x00, 0x0d, 0x00, 0x00,
0x13, 0x07, 0x15, 0x33, 0x35, 0x23, 0x37, 0x33, 0x23, 0x07, 0x15, 0x33, 0x35, 0x23, 0x29, 0x14, 0x40, 0x20, 0x13, 0x5b,
0x1f, 0x14, 0x40, 0x20, 0x02, 0x4b, 0x4c, 0x3d, 0x40, 0x49, 0x4c, 0x3d, 0x40, 0x00, 0x00, 0x00, 0x00, 0x02, 0x00, 0x14,
0x01, 0xc2, 0x00, 0xaf, 0x02, 0x4b, 0x00, 0x06, 0x00, 0x0d, 0x00, 0x00, 0x13, 0x07, 0x33, 0x37, 0x35, 0x23, 0x15, 0x3b,
0x01, 0x07, 0x33, 0x37, 0x35, 0x23, 0x34, 0x13, 0x1f, 0x14, 0x40, 0x5b, 0x20, 0x14, 0x1f, 0x15, 0x40, 0x02, 0x0b, 0x49,
0x4c, 0x3d, 0x40, 0x49, 0x4c, 0x3d, 0x00, 0x00, 0x00, 0x02, 0x00, 0x0f, 0xff, 0xb8, 0x00, 0xaa, 0x00, 0x40, 0x00, 0x06,
0x00, 0x0d, 0x00, 0x00, 0x33, 0x07, 0x33, 0x37, 0x35, 0x23, 0x15, 0x3b, 0x01, 0x07, 0x33, 0x37, 0x35, 0x23, 0x2f, 0x13,
0x1f, 0x14, 0x40, 0x5b, 0x20, 0x14, 0x1f, 0x15, 0x40, 0x48, 0x4c, 0x3c, 0x40, 0x48, 0x4c, 0x3c, 0x00, 0x01, 0x00, 0x41,
0xff, 0x6a, 0x02, 0x11, 0x02, 0xee, 0x00, 0x0b, 0x00, 0x00, 0x01, 0x23, 0x15, 0x23, 0x15, 0x33, 0x11, 0x33, 0x11, 0x33,
0x35, 0x23, 0x01, 0x48, 0x3e, 0xc9, 0xc9, 0x3e, 0xc9, 0xc9, 0x02, 0xee, 0xc1, 0x3e, 0xfd, 0x7b, 0x02, 0x85, 0x3e, 0x00,
0x00, 0x01, 0x00, 0x17, 0x00, 0xfa, 0x00, 0xce, 0x01, 0xb7, 0x00, 0x0a, 0x00, 0x00, 0x13, 0x14, 0x16, 0x32, 0x36, 0x35,
0x34, 0x26, 0x23, 0x22, 0x06, 0x17, 0x32, 0x50, 0x35, 0x35, 0x28, 0x27, 0x33, 0x01, 0x59, 0x2b, 0x34, 0x35, 0x2a, 0x28,
0x36, 0x36, 0x00, 0x00, 0x00, 0x01, 0x00, 0x15, 0x00, 0x64, 0x00, 0xe1, 0x01, 0xf9, 0x00, 0x05, 0x00, 0x00, 0x13, 0x23,
0x07, 0x17, 0x33, 0x27, 0xe0, 0x4c, 0x7f, 0x7f, 0x4d, 0x7f, 0x01, 0xf9, 0xca, 0xcb, 0xcb, 0x00, 0x00, 0x01, 0x00, 0x15,
0x00, 0x64, 0x00, 0xe1, 0x01, 0xf9, 0x00, 0x05, 0x00, 0x00, 0x13, 0x17, 0x07, 0x33, 0x37, 0x27, 0x15, 0x7f, 0x7e, 0x4c,
0x7f, 0x7e, 0x01, 0xf9, 0xca, 0xcb, 0xcb, 0xca, 0x00, 0x01, 0x00, 0x1c, 0x00, 0x00, 0x02, 0x08, 0x02, 0xbc, 0x00, 0x1b,
0x00, 0x00, 0x37, 0x35, 0x21, 0x35, 0x21, 0x35, 0x21, 0x35, 0x21, 0x35, 0x37, 0x33, 0x37, 0x23, 0x07, 0x15, 0x23, 0x15,
0x33, 0x15, 0x23, 0x15, 0x33, 0x15, 0x17, 0x33, 0x27, 0x23, 0xa2, 0x01, 0x1b, 0xfe, 0xe5, 0x01, 0x1b, 0xfe, 0xe5, 0x97,
0xba, 0x15, 0xe4, 0xc8, 0x40, 0x40, 0x40, 0x40, 0xc8, 0xe4, 0x15, 0xba, 0xad, 0x57, 0x3e, 0x37, 0x3e, 0x58, 0x6e, 0x3f,
0x91, 0x74, 0x3e, 0x37, 0x3e, 0x73, 0x91, 0x3f, 0x00, 0x00, 0x00, 0x22, 0x01, 0x9e, 0x00, 0x01, 0x00, 0x00, 0x00, 0x00,
0x00, 0x00, 0x00, 0x01, 0x00, 0x04, 0x00, 0x01, 0x00, 0x00, 0x00, 0x00, 0x00, 0x01, 0x00, 0x14, 0x00, 0x30, 0x00, 0x01,
0x00, 0x00, 0x00, 0x00, 0x00, 0x02, 0x00, 0x01, 0x00, 0x49, 0x00, 0x01, 0x00, 0x00, 0x00, 0x00, 0x00, 0x03, 0x00, 0x19,
0x00, 0x7f, 0x00, 0x01, 0x00, 0x00, 0x00, 0x00, 0x00, 0x04, 0x00, 0x16, 0x00, 0xc7, 0x00, 0x01, 0x00, 0x00, 0x00, 0x00,
0x00, 0x05, 0x00, 0x08, 0x00, 0xf0, 0x00, 0x01, 0x00, 0x00, 0x00, 0x00, 0x00, 0x06, 0x00, 0x12, 0x01, 0x1f, 0x00, 0x01,
0x00, 0x00, 0x00, 0x00, 0x00, 0x07, 0x00, 0x01, 0x01, 0x36, 0x00, 0x01, 0x00, 0x00, 0x00, 0x00, 0x00, 0x08, 0x00, 0x01,
0x01, 0x3c, 0x00, 0x01, 0x00, 0x00, 0x00, 0x00, 0x00, 0x09, 0x00, 0x01, 0x01, 0x42, 0x00, 0x01, 0x00, 0x00, 0x00, 0x00,
0x00, 0x0a, 0x00, 0x01, 0x01, 0x48, 0x00, 0x01, 0x00, 0x00, 0x00, 0x00, 0x00, 0x0b, 0x00, 0x01, 0x01, 0x4e, 0x00, 0x01,
0x00, 0x00, 0x00, 0x00, 0x00, 0x0c, 0x00, 0x01, 0x01, 0x54, 0x00, 0x01, 0x00, 0x00, 0x00, 0x00, 0x00, 0x0d, 0x00, 0x01,
0x01, 0x5a, 0x00, 0x01, 0x00, 0x00, 0x00, 0x00, 0x00, 0x0e, 0x00, 0x01, 0x01, 0x60, 0x00, 0x01, 0x00, 0x00, 0x00, 0x00,
0x00, 0x10, 0x00, 0x14, 0x01, 0x8c, 0x00, 0x01, 0x00, 0x00, 0x00, 0x00, 0x00, 0x11, 0x00, 0x01, 0x01, 0xa5, 0x00, 0x03,
0x00, 0x01, 0x04, 0x09, 0x00, 0x00, 0x00, 0x02, 0x00, 0x00, 0x00, 0x03, 0x00, 0x01, 0x04, 0x09, 0x00, 0x01, 0x00, 0x28,
0x00, 0x06, 0x00, 0x03, 0x00, 0x01, 0x04, 0x09, 0x00, 0x02, 0x00, 0x02, 0x00, 0x45, 0x00, 0x03, 0x00, 0x01, 0x04, 0x09,
0x00, 0x03, 0x00, 0x32, 0x00, 0x4b, 0x00, 0x03, 0x00, 0x01, 0x04, 0x09, 0x00, 0x04, 0x00, 0x2c, 0x00, 0x99, 0x00, 0x03,
0x00, 0x01, 0x04, 0x09, 0x00, 0x05, 0x00, 0x10, 0x00, 0xde, 0x00, 0x03, 0x00, 0x01, 0x04, 0x09, 0x00, 0x06, 0x00, 0x24,
0x00, 0xf9, 0x00, 0x03, 0x00, 0x01, 0x04, 0x09, 0x00, 0x07, 0x00, 0x02, 0x01, 0x32, 0x00, 0x03, 0x00, 0x01, 0x04, 0x09,
0x00, 0x08, 0x00, 0x02, 0x01, 0x38, 0x00, 0x03, 0x00, 0x01, 0x04, 0x09, 0x00, 0x09, 0x00, 0x02, 0x01, 0x3e, 0x00, 0x03,
0x00, 0x01, 0x04, 0x09, 0x00, 0x0a, 0x00, 0x02, 0x01, 0x44, 0x00, 0x03, 0x00, 0x01, 0x04, 0x09, 0x00, 0x0b, 0x00, 0x02,
0x01, 0x4a, 0x00, 0x03, 0x00, 0x01, 0x04, 0x09, 0x00, 0x0c, 0x00, 0x02, 0x01, 0x50, 0x00, 0x03, 0x00, 0x01, 0x04, 0x09,
0x00, 0x0d, 0x00, 0x02, 0x01, 0x56, 0x00, 0x03, 0x00, 0x01, 0x04, 0x09, 0x00, 0x0e, 0x00, 0x02, 0x01, 0x5c, 0x00, 0x03,
0x00, 0x01, 0x04, 0x09, 0x00, 0x10, 0x00, 0x28, 0x01, 0x62, 0x00, 0x03, 0x00, 0x01, 0x04, 0x09, 0x00, 0x11, 0x00, 0x02,
0x01, 0xa1, 0x00, 0x20, 0x00, 0x00, 0x20, 0x00, 0x00, 0x52, 0x00, 0x6f, 0x00, 0x62, 0x00, 0x6f, 0x00, 0x74, 0x00, 0x69,
0x00, 0x6b, 0x00, 0x61, 0x00, 0x20, 0x00, 0x50, 0x00, 0x69, 0x00, 0x78, 0x00, 0x65, 0x00, 0x6c, 0x00, 0x20, 0x00, 0x47,
0x00, 0x72, 0x00, 0x65, 0x00, 0x65, 0x00, 0x6b, 0x00, 0x00, 0x52, 0x6f, 0x62, 0x6f, 0x74, 0x69, 0x6b, 0x61, 0x20, 0x50,
0x69, 0x78, 0x65, 0x6c, 0x20, 0x47, 0x72, 0x65, 0x65, 0x6b, 0x00, 0x00, 0x20, 0x00, 0x00, 0x20, 0x00, 0x00, 0x20, 0x00,
0x3a, 0x00, 0x20, 0x00, 0x52, 0x00, 0x6f, 0x00, 0x62, 0x00, 0x6f, 0x00, 0x74, 0x00, 0x69, 0x00, 0x6b, 0x00, 0x61, 0x00,
0x20, 0x00, 0x50, 0x00, 0x69, 0x00, 0x78, 0x00, 0x65, 0x00, 0x6c, 0x00, 0x20, 0x00, 0x47, 0x00, 0x72, 0x00, 0x65, 0x00,
0x65, 0x00, 0x6b, 0x00, 0x20, 0x00, 0x20, 0x00, 0x00, 0x20, 0x3a, 0x20, 0x52, 0x6f, 0x62, 0x6f, 0x74, 0x69, 0x6b, 0x61,
0x20, 0x50, 0x69, 0x78, 0x65, 0x6c, 0x20, 0x47, 0x72, 0x65, 0x65, 0x6b, 0x20, 0x20, 0x00, 0x00, 0x52, 0x00, 0x6f, 0x00,
0x62, 0x00, 0x6f, 0x00, 0x74, 0x00, 0x69, 0x00, 0x6b, 0x00, 0x61, 0x00, 0x20, 0x00, 0x50, 0x00, 0x69, 0x00, 0x78, 0x00,
0x65, 0x00, 0x6c, 0x00, 0x20, 0x00, 0x47, 0x00, 0x72, 0x00, 0x65, 0x00, 0x65, 0x00, 0x6b, 0x00, 0x20, 0x00, 0x20, 0x00,
0x00, 0x52, 0x6f, 0x62, 0x6f, 0x74, 0x69, 0x6b, 0x61, 0x20, 0x50, 0x69, 0x78, 0x65, 0x6c, 0x20, 0x47, 0x72, 0x65, 0x65,
0x6b, 0x20, 0x20, 0x00, 0x00, 0x56, 0x00, 0x65, 0x00, 0x72, 0x00, 0x73, 0x00, 0x69, 0x00, 0x6f, 0x00, 0x6e, 0x00, 0x20,
0x00, 0x00, 0x56, 0x65, 0x72, 0x73, 0x69, 0x6f, 0x6e, 0x20, 0x00, 0x00, 0x52, 0x00, 0x6f, 0x00, 0x62, 0x00, 0x6f, 0x00,
0x74, 0x00, 0x69, 0x00, 0x6b, 0x00, 0x61, 0x00, 0x50, 0x00, 0x69, 0x00, 0x78, 0x00, 0x65, 0x00, 0x6c, 0x00, 0x47, 0x00,
0x72, 0x00, 0x65, 0x00, 0x65, 0x00, 0x6b, 0x00, 0x00, 0x52, 0x6f, 0x62, 0x6f, 0x74, 0x69, 0x6b, 0x61, 0x50, 0x69, 0x78,
0x65, 0x6c, 0x47, 0x72, 0x65, 0x65, 0x6b, 0x00, 0x00, 0x20, 0x00, 0x00, 0x20, 0x00, 0x00, 0x20, 0x00, 0x00, 0x20, 0x00,
0x00, 0x20, 0x00, 0x00, 0x20, 0x00, 0x00, 0x20, 0x00, 0x00, 0x20, 0x00, 0x00, 0x20, 0x00, 0x00, 0x20, 0x00, 0x00, 0x20,
0x00, 0x00, 0x20, 0x00, 0x00, 0x20, 0x00, 0x00, 0x20, 0x00, 0x00, 0x20, 0x00, 0x00, 0x20, 0x00, 0x00, 0x52, 0x00, 0x6f,
0x00, 0x62, 0x00, 0x6f, 0x00, 0x74, 0x00, 0x69, 0x00, 0x6b, 0x00, 0x61, 0x00, 0x20, 0x00, 0x50, 0x00, 0x69, 0x00, 0x78,
0x00, 0x65, 0x00, 0x6c, 0x00, 0x20, 0x00, 0x47, 0x00, 0x72, 0x00, 0x65, 0x00, 0x65, 0x00, 0x6b, 0x00, 0x00, 0x52, 0x6f,
0x62, 0x6f, 0x74, 0x69, 0x6b, 0x61, 0x20, 0x50, 0x69, 0x78, 0x65, 0x6c, 0x20, 0x47, 0x72, 0x65, 0x65, 0x6b, 0x00, 0x00,
0x20, 0x00, 0x00, 0x20, 0x00, 0x00, 0x00, 0x00, 0x00, 0x02, 0x00, 0x00, 0x00, 0x00, 0x00, 0x00, 0x00, 0x00, 0x00, 0x00,
0x00, 0x00, 0x00, 0x00, 0x00, 0x00, 0x00, 0x00, 0x00, 0x00, 0x00, 0x00, 0x00, 0x00, 0x00, 0x00, 0x00, 0x00, 0x00, 0x00,
0x00, 0xbe, 0x00, 0x00, 0x00, 0x01, 0x00, 0x02, 0x00, 0x03, 0x00, 0x04, 0x00, 0x05, 0x00, 0x06, 0x00, 0x07, 0x00, 0x08,
0x00, 0x09, 0x00, 0x0a, 0x00, 0x0b, 0x00, 0x0c, 0x00, 0x0d, 0x00, 0x0e, 0x00, 0x0f, 0x00, 0x10, 0x00, 0x11, 0x00, 0x12,
0x00, 0x13, 0x00, 0x14, 0x00, 0x15, 0x00, 0x16, 0x00, 0x17, 0x00, 0x18, 0x00, 0x19, 0x00, 0x1a, 0x00, 0x1b, 0x00, 0x1c,
0x00, 0x1d, 0x00, 0x1e, 0x00, 0x1f, 0x00, 0x20, 0x00, 0x21, 0x00, 0x22, 0x00, 0x23, 0x00, 0x24, 0x00, 0x25, 0x00, 0x26,
0x00, 0x27, 0x00, 0x28, 0x00, 0x29, 0x00, 0x2a, 0x00, 0x2b, 0x00, 0x2c, 0x00, 0x2d, 0x00, 0x2e, 0x00, 0x2f, 0x00, 0x30,
0x00, 0x31, 0x00, 0x32, 0x00, 0x33, 0x00, 0x34, 0x00, 0x35, 0x00, 0x36, 0x00, 0x37, 0x00, 0x38, 0x00, 0x39, 0x00, 0x3a,
0x00, 0x3b, 0x00, 0x3c, 0x00, 0x3d, 0x00, 0x3e, 0x00, 0x3f, 0x00, 0x40, 0x00, 0x42, 0x00, 0x44, 0x00, 0x45, 0x00, 0x46,
0x00, 0x47, 0x00, 0x48, 0x00, 0x49, 0x00, 0x4a, 0x00, 0x4b, 0x00, 0x4c, 0x00, 0x4d, 0x00, 0x4e, 0x00, 0x4f, 0x00, 0x50,
0x00, 0x51, 0x00, 0x52, 0x00, 0x53, 0x00, 0x54, 0x00, 0x55, 0x00, 0x56, 0x00, 0x57, 0x00, 0x58, 0x00, 0x59, 0x00, 0x5a,
0x00, 0x5b, 0x00, 0x5c, 0x00, 0x5d, 0x00, 0x5e, 0x00, 0x5f, 0x00, 0x60, 0x01, 0x02, 0x00, 0xa3, 0x00, 0x84, 0x00, 0x85,
0x00, 0x96, 0x00, 0x86, 0x00, 0x8b, 0x00, 0xa9, 0x01, 0x03, 0x00, 0x8a, 0x00, 0x83, 0x00, 0xc3, 0x00, 0xaa, 0x00, 0xa2,
0x00, 0xad, 0x00, 0xc9, 0x00, 0xc7, 0x00, 0xae, 0x00, 0x62, 0x00, 0x63, 0x00, 0x90, 0x00, 0x64, 0x00, 0xcb, 0x00, 0x65,
0x00, 0xc8, 0x00, 0xca, 0x00, 0xcf, 0x00, 0xcc, 0x00, 0xcd, 0x00, 0xce, 0x00, 0x66, 0x00, 0xd3, 0x00, 0xd0, 0x00, 0xd1,
0x00, 0xaf, 0x00, 0x67, 0x00, 0xf0, 0x00, 0x91, 0x00, 0xd6, 0x00, 0xd4, 0x00, 0xd5, 0x00, 0x68, 0x00, 0xeb, 0x00, 0x89,
0x00, 0x6a, 0x00, 0x69, 0x00, 0x6b, 0x00, 0x6d, 0x00, 0x6c, 0x00, 0x6e, 0x00, 0xa0, 0x00, 0x6f, 0x00, 0x71, 0x00, 0x70,
0x00, 0x72, 0x00, 0x73, 0x00, 0x75, 0x00, 0x74, 0x00, 0x76, 0x00, 0x77, 0x00, 0x78, 0x00, 0x7a, 0x00, 0x79, 0x00, 0x7b,
0x00, 0x7d, 0x00, 0x7c, 0x00, 0xb8, 0x00, 0xa1, 0x00, 0x7f, 0x00, 0x7e, 0x00, 0x80, 0x00, 0x81, 0x00, 0xec, 0x00, 0xba,
0x00, 0xd7, 0x00, 0xb0, 0x00, 0xb1, 0x00, 0xe4, 0x00, 0xe5, 0x00, 0xbb, 0x00, 0xe6, 0x00, 0xe7, 0x00, 0xb2, 0x00, 0xb3,
0x00, 0xb6, 0x00, 0xb7, 0x00, 0xc4, 0x00, 0xb4, 0x00, 0xb5, 0x00, 0xc5, 0x00, 0x82, 0x00, 0x87, 0x00, 0xbe, 0x00, 0xbf,
0x01, 0x04, 0x11, 0x4e, 0x6f, 0x6e, 0x2d, 0x62, 0x72, 0x65, 0x61, 0x6b, 0x69, 0x6e, 0x67, 0x73, 0x70, 0x61, 0x63, 0x65,
0x0a, 0x53, 0x6f, 0x66, 0x74, 0x68, 0x79, 0x70, 0x68, 0x65, 0x6e, 0x04, 0x45, 0x75, 0x72, 0x6f, 0x00, 0x00, 0x00, 0x01,
0xff, 0xff, 0x00, 0x02, 0x00, 0x01, 0x00, 0x00, 0x00, 0x0c, 0x00, 0x00, 0x00, 0x10, 0x00, 0x00, 0x00, 0x02, 0x00, 0x00,
0x00, 0x04, 0x00, 0x00, 0x00, 0x02, 0x00, 0x00, 0x00, 0x01, 0x00, 0x00, 0x00, 0x0a, 0x00, 0x1c, 0x00, 0x1e, 0x00, 0x01,
0x44, 0x46, 0x4c, 0x54, 0x00, 0x08, 0x00, 0x04, 0x00, 0x00, 0x00, 0x00, 0xff, 0xff, 0x00, 0x00, 0x00, 0x00, 0x00, 0x00,
0x00, 0x01, 0x00, 0x00, 0x00, 0x0a, 0x00, 0x1e, 0x00, 0x38, 0x00, 0x01, 0x44, 0x46, 0x4c, 0x54, 0x00, 0x08, 0x00, 0x04,
0x00, 0x00, 0x00, 0x00, 0x00, 0x00, 0x00, 0x01, 0x00, 0x01, 0x00, 0x02, 0x20, 0x52, 0x51, 0x44, 0x00, 0x0e, 0x6b, 0x65,
0x72, 0x6e, 0x00, 0x14, 0x00, 0x00, 0x00, 0x01, 0x00, 0x00, 0x00, 0x00, 0x00, 0x01, 0x00, 0x00, 0x00, 0x01, 0x00, 0x04,
0x00, 0x02, 0x00, 0x00, 0x00, 0x01, 0x00, 0x08, 0x00, 0x01, 0x08, 0x66, 0x00, 0x04, 0x00, 0x00, 0x00, 0x30, 0x00, 0x6a,
0x00, 0x88, 0x00, 0x96, 0x00, 0xb0, 0x00, 0xc2, 0x00, 0xd0, 0x00, 0xda, 0x01, 0x00, 0x01, 0x9e, 0x01, 0xd4, 0x01, 0xf2,
0x02, 0x2c, 0x02, 0x3a, 0x02, 0x54, 0x02, 0x66, 0x02, 0x78, 0x03, 0x1e, 0x03, 0x94, 0x03, 0xfe, 0x04, 0x24, 0x04, 0x7a,
0x04, 0x98, 0x04, 0xee, 0x05, 0x48, 0x05, 0x6a, 0x05, 0xcc, 0x05, 0xda, 0x06, 0x30, 0x06, 0x4a, 0x06, 0x70, 0x06, 0xa2,
0x06, 0xc4, 0x06, 0xc4, 0x06, 0xe6, 0x07, 0x04, 0x07, 0x22, 0x07, 0x4c, 0x07, 0x72, 0x07, 0x8c, 0x07, 0xaa, 0x07, 0xaa,
0x07, 0xc8, 0x07, 0xe6, 0x08, 0x04, 0x08, 0x12, 0x08, 0x28, 0x08, 0x3e, 0x08, 0x58, 0x00, 0x07, 0x00, 0x15, 0xff, 0xf5,
0x00, 0x16, 0xff, 0xf9, 0x00, 0x17, 0xff, 0xd3, 0x00, 0x18, 0xff, 0xf5, 0x00, 0x1a, 0xff, 0xe8, 0x00, 0x1b, 0xff, 0xdb,
0x00, 0x1c, 0xff, 0xdf, 0x00, 0x03, 0x00, 0x17, 0xff, 0xd7, 0x00, 0x18, 0xff, 0xe9, 0x00, 0x1a, 0xff, 0xe7, 0x00, 0x06,
0x00, 0x14, 0xff, 0xd7, 0x00, 0x15, 0xff, 0xf5, 0x00, 0x16, 0xff, 0xe3, 0x00, 0x18, 0xff, 0xe1, 0x00, 0x1a, 0xff, 0xd2,
0x00, 0x1c, 0xff, 0xdd, 0x00, 0x04, 0x00, 0x14, 0xff, 0xe5, 0x00, 0x15, 0xff, 0xef, 0x00, 0x1a, 0xff, 0xf4, 0x00, 0x1c,
0xff, 0xf6, 0x00, 0x03, 0x00, 0x14, 0xff, 0xea, 0x00, 0x1a, 0xff, 0xe2, 0x00, 0x1c, 0xff, 0xf6, 0x00, 0x02, 0x00, 0x17,
0xff, 0xd2, 0x00, 0x18, 0xff, 0xde, 0x00, 0x09, 0x00, 0x0c, 0xff, 0xed, 0x00, 0x12, 0xff, 0xf7, 0x00, 0x37, 0xff, 0xee,
0x00, 0x3b, 0xff, 0xe0, 0x00, 0x3f, 0xff, 0xf5, 0x00, 0x5c, 0xff, 0xe4, 0x00, 0x99, 0x00, 0x0a, 0x00, 0x9a, 0x00, 0x03,
0x00, 0xb9, 0xff, 0xe1, 0x00, 0x27, 0x00, 0x0b, 0xff, 0xed, 0x00, 0x12, 0xff, 0xcf, 0x00, 0x2d, 0xff, 0xb1, 0x00, 0x44,
0xff, 0xd8, 0x00, 0x46, 0xff, 0xd8, 0x00, 0x47, 0xff, 0xed, 0x00, 0x4e, 0xff, 0xd3, 0x00, 0x4f, 0xff, 0xd3, 0x00, 0x50,
0xff, 0xd8, 0x00, 0x51, 0xff, 0xd3, 0x00, 0x53, 0xff, 0xd3, 0x00, 0x54, 0xff, 0xe0, 0x00, 0x55, 0xff, 0xe5, 0x00, 0x59,
0xff, 0xbf, 0x00, 0x5b, 0xff, 0xd9, 0x00, 0x5c, 0xff, 0xec, 0x00, 0x6c, 0xff, 0xc8, 0x00, 0x84, 0xff, 0xde, 0x00, 0x8a,
0xff, 0xea, 0x00, 0x91, 0xff, 0xdb, 0x00, 0x92, 0xff, 0xdb, 0x00, 0x93, 0xff, 0xe1, 0x00, 0x94, 0xff, 0xe0, 0x00, 0x95,
0xff, 0xe1, 0x00, 0x96, 0xff, 0xde, 0x00, 0x99, 0x00, 0x05, 0x00, 0x9a, 0x00, 0x05, 0x00, 0x9b, 0xff, 0xda, 0x00, 0x9c,
0xff, 0xe1, 0x00, 0x9d, 0xff, 0xdf, 0x00, 0x9e, 0xff, 0xe1, 0x00, 0xa0, 0xff, 0xde, 0x00, 0xa2, 0xff, 0xd6, 0x00, 0xa7,
0xff, 0xee, 0x00, 0xa8, 0xff, 0xed, 0x00, 0xab, 0xff, 0xdb, 0x00, 0xad, 0xff, 0xe9, 0x00, 0xb0, 0xff, 0xe0, 0x00, 0xb9,
0xff, 0xcb, 0x00, 0x0d, 0x00, 0x0c, 0xff, 0xed, 0x00, 0x12, 0xff, 0xf8, 0x00, 0x37, 0xff, 0xf0, 0x00, 0x3b, 0xff, 0xe0,
0x00, 0x3f, 0xff, 0xf4, 0x00, 0x47, 0xff, 0xf8, 0x00, 0x55, 0xff, 0xf5, 0x00, 0x59, 0xff, 0xe8, 0x00, 0x5b, 0xff, 0xf3,
0x00, 0x99, 0x00, 0x0b, 0x00, 0x9a, 0x00, 0x04, 0x00, 0xb0, 0xff, 0xf6, 0x00, 0xb9, 0xff, 0xdc, 0x00, 0x07, 0x00, 0x47,
0xff, 0xf6, 0x00, 0x55, 0xff, 0xe4, 0x00, 0x5c, 0xff, 0xde, 0x00, 0x6a, 0xff, 0xf1, 0x00, 0xa7, 0xff, 0xeb, 0x00, 0xa8,
0xff, 0xec, 0x00, 0xb9, 0xff, 0xd0, 0x00, 0x0e, 0x00, 0x0b, 0xff, 0xf0, 0x00, 0x0d, 0xff, 0xbe, 0x00, 0x37, 0xff, 0x7d,
0x00, 0x39, 0xff, 0x89, 0x00, 0x3b, 0x00, 0x0b, 0x00, 0x3f, 0xff, 0xc4, 0x00, 0x55, 0xff, 0xe2, 0x00, 0x59, 0x00, 0x05,
0x00, 0x5c, 0xff, 0xd3, 0x00, 0x6a, 0xff, 0xbf, 0x00, 0xa7, 0xff, 0xb0, 0x00, 0xa8, 0xff, 0xb0, 0x00, 0xb9, 0xff, 0xbe,
0x00, 0xba, 0xff, 0xbe, 0x00, 0x03, 0x00, 0x0c, 0xff, 0xf8, 0x00, 0x99, 0x00, 0x04, 0x00, 0xb9, 0xff, 0xd2, 0x00, 0x06,
0x00, 0x0c, 0xff, 0xeb, 0x00, 0x12, 0xff, 0xd5, 0x00, 0x2d, 0xff, 0xa3, 0x00, 0x3b, 0xff, 0xdc, 0x00, 0x6c, 0xff, 0xd0,
0x00, 0xb9, 0xff, 0xf0, 0x00, 0x04, 0x00, 0x0c, 0xff, 0xfa, 0x00, 0x37, 0xff, 0xe0, 0x00, 0x3f, 0xff, 0xeb, 0x00, 0xb9,
0xff, 0xd7, 0x00, 0x04, 0x00, 0x37, 0xff, 0xe8, 0x00, 0x3f, 0xff, 0xf0, 0x00, 0x99, 0x00, 0x04, 0x00, 0xb9, 0xff, 0xdb,
0x00, 0x29, 0x00, 0x0b, 0xff, 0xf3, 0x00, 0x12, 0xff, 0xcc, 0x00, 0x2d, 0xff, 0xb8, 0x00, 0x44, 0xff, 0xa6, 0x00, 0x46,
0xff, 0xa6, 0x00, 0x47, 0xff, 0xf2, 0x00, 0x4e, 0xff, 0xa7, 0x00, 0x4f, 0xff, 0xa7, 0x00, 0x50, 0xff, 0xa6, 0x00, 0x51,
0xff, 0xa7, 0x00, 0x53, 0xff, 0xa7, 0x00, 0x54, 0xff, 0xa4, 0x00, 0x55, 0xff, 0xec, 0x00, 0x59, 0xff, 0xb5, 0x00, 0x5b,
0xff, 0xae, 0x00, 0x5c, 0xff, 0xd4, 0x00, 0x6a, 0xff, 0xcd, 0x00, 0x6c, 0xff, 0xc9, 0x00, 0x84, 0xff, 0xe0, 0x00, 0x8a,
0xff, 0xee, 0x00, 0x91, 0xff, 0xa0, 0x00, 0x92, 0xff, 0xa0, 0x00, 0x93, 0xff, 0xad, 0x00, 0x94, 0xff, 0xa3, 0x00, 0x95,
0xff, 0xb7, 0x00, 0x96, 0xff, 0xc0, 0x00, 0x99, 0x00, 0x08, 0x00, 0x9a, 0x00, 0x08, 0x00, 0x9b, 0xff, 0xbe, 0x00, 0x9c,
0xff, 0xb5, 0x00, 0x9d, 0xff, 0xa3, 0x00, 0x9e, 0xff, 0xbe, 0x00, 0xa0, 0xff, 0xc2, 0x00, 0xa2, 0xff, 0xa0, 0x00, 0xa7,
0xff, 0xb8, 0x00, 0xa8, 0xff, 0xd5, 0x00, 0xab, 0xff, 0xa0, 0x00, 0xad, 0xff, 0xc7, 0x00, 0xb0, 0xff, 0xe7, 0x00, 0xb9,
0xff, 0xc9, 0x00, 0xba, 0xff, 0xcd, 0x00, 0x1d, 0x00, 0x12, 0xff, 0xd5, 0x00, 0x2d, 0xff, 0xad, 0x00, 0x44, 0xff, 0xe0,
0x00, 0x46, 0xff, 0xe0, 0x00, 0x4e, 0xff, 0xfa, 0x00, 0x4f, 0xff, 0xfa, 0x00, 0x50, 0xff, 0xde, 0x00, 0x51, 0xff, 0xf9,
0x00, 0x53, 0xff, 0xf9, 0x00, 0x54, 0xff, 0xe2, 0x00, 0x5c, 0xff, 0xe2, 0x00, 0x6c, 0xff, 0xd1, 0x00, 0x91, 0xff, 0xdf,
0x00, 0x92, 0xff, 0xdf, 0x00, 0x93, 0xff, 0xdf, 0x00, 0x94, 0xff, 0xdf, 0x00, 0x95, 0xff, 0xe0, 0x00, 0x96, 0xff, 0xe0,
0x00, 0x99, 0x00, 0x2b, 0x00, 0x9a, 0x00, 0x27, 0x00, 0x9c, 0xff, 0xdf, 0x00, 0x9d, 0xff, 0xdd, 0x00, 0x9e, 0xff, 0xe0,
0x00, 0xa0, 0xff, 0xe0, 0x00, 0xa2, 0xff, 0xdf, 0x00, 0xab, 0xff, 0xdf, 0x00, 0xad, 0xff, 0xe7, 0x00, 0xb9, 0xff, 0xf4,
0x00, 0xba, 0xff, 0xf5, 0x00, 0x1a, 0x00, 0x0b, 0xff, 0xe0, 0x00, 0x2d, 0xff, 0xf2, 0x00, 0x44, 0xff, 0xe2, 0x00, 0x46,
0xff, 0xe2, 0x00, 0x47, 0xff, 0xf8, 0x00, 0x50, 0xff, 0xe1, 0x00, 0x54, 0xff, 0xe8, 0x00, 0x55, 0xff, 0xce, 0x00, 0x5c,
0xff, 0xd6, 0x00, 0x6a, 0xff, 0xd2, 0x00, 0x91, 0xff, 0xe5, 0x00, 0x92, 0xff, 0xe5, 0x00, 0x93, 0xff, 0xe4, 0x00, 0x94,
0xff, 0xe2, 0x00, 0x95, 0xff, 0xe4, 0x00, 0x96, 0xff, 0xe4, 0x00, 0x9c, 0xff, 0xe4, 0x00, 0x9d, 0xff, 0xe3, 0x00, 0x9e,
0xff, 0xe5, 0x00, 0xa0, 0xff, 0xe4, 0x00, 0xa7, 0xff, 0xbf, 0x00, 0xa8, 0xff, 0xc1, 0x00, 0xab, 0xff, 0xe6, 0x00, 0xad,
0xff, 0xe9, 0x00, 0xb9, 0xff, 0xcd, 0x00, 0xba, 0xff, 0xd2, 0x00, 0x09, 0x00, 0x0c, 0xff, 0xe2, 0x00, 0x0d, 0xff, 0xd7,
0x00, 0x12, 0xff, 0xf8, 0x00, 0x3f, 0xff, 0xd7, 0x00, 0x47, 0xff, 0xef, 0x00, 0x55, 0xff, 0xf2, 0x00, 0x59, 0xff, 0xe7,
0x00, 0x5e, 0xff, 0xf8, 0x00, 0xb9, 0xff, 0xd0, 0x00, 0x15, 0x00, 0x12, 0xff, 0xd6, 0x00, 0x44, 0xff, 0xf5, 0x00, 0x46,
0xff, 0xf5, 0x00, 0x50, 0xff, 0xf2, 0x00, 0x54, 0xff, 0xfb, 0x00, 0x5c, 0xff, 0xe6, 0x00, 0x6c, 0xff, 0xd2, 0x00, 0x91,
0xff, 0xf6, 0x00, 0x92, 0xff, 0xf6, 0x00, 0x93, 0xff, 0xf6, 0x00, 0x94, 0xff, 0xf6, 0x00, 0x95, 0xff, 0xf6, 0x00, 0x96,
0xff, 0xf6, 0x00, 0x9c, 0xff, 0xf5, 0x00, 0x9d, 0xff, 0xf4, 0x00, 0x9e, 0xff, 0xf4, 0x00, 0xa0, 0xff, 0xf4, 0x00, 0xa2,
0xff, 0xf3, 0x00, 0xab, 0xff, 0xf4, 0x00, 0xb9, 0xff, 0xf9, 0x00, 0xba, 0xff, 0xf9, 0x00, 0x07, 0x00, 0x0c, 0xff, 0xf6,
0x00, 0x0d, 0xff, 0xd5, 0x00, 0x3f, 0xff, 0xd7, 0x00, 0x47, 0xff, 0xea, 0x00, 0x55, 0xff, 0xea, 0x00, 0x5e, 0xff, 0xf8,
0x00, 0xb9, 0xff, 0xcf, 0x00, 0x15, 0x00, 0x3f, 0xff, 0xf2, 0x00, 0x44, 0xff, 0xe4, 0x00, 0x46, 0xff, 0xe4, 0x00, 0x50,
0xff, 0xe3, 0x00, 0x54, 0xff, 0xeb, 0x00, 0x5c, 0xff, 0xda, 0x00, 0x6a, 0xff, 0xe7, 0x00, 0x91, 0xff, 0xe9, 0x00, 0x92,
0xff, 0xe9, 0x00, 0x93, 0xff, 0xe4, 0x00, 0x94, 0xff, 0xe3, 0x00, 0x95, 0xff, 0xe4, 0x00, 0x96, 0xff, 0xe6, 0x00, 0x9c,
0xff, 0xe4, 0x00, 0x9d, 0xff, 0xe3, 0x00, 0x9e, 0xff, 0xe4, 0x00, 0xa0, 0xff, 0xe5, 0x00, 0xab, 0xff, 0xe9, 0x00, 0xad,
0xff, 0xeb, 0x00, 0xb9, 0xff, 0xf1, 0x00, 0xba, 0xff, 0xdf, 0x00, 0x16, 0x00, 0x0c, 0xff, 0xe1, 0x00, 0x12, 0xff, 0xd6,
0x00, 0x22, 0xff, 0xdc, 0x00, 0x3f, 0xff, 0xf9, 0x00, 0x44, 0xff, 0xf8, 0x00, 0x46, 0xff, 0xf8, 0x00, 0x50, 0xff, 0xf5,
0x00, 0x5c, 0xff, 0xea, 0x00, 0x6c, 0xff, 0xd2, 0x00, 0x91, 0xff, 0xfb, 0x00, 0x92, 0xff, 0xfb, 0x00, 0x93, 0xff, 0xfb,
0x00, 0x94, 0xff, 0xfb, 0x00, 0x95, 0xff, 0xfb, 0x00, 0x96, 0xff, 0xfb, 0x00, 0x9c, 0xff, 0xf8, 0x00, 0x9d, 0xff, 0xf7,
0x00, 0x9e, 0xff, 0xf8, 0x00, 0xa0, 0xff, 0xf8, 0x00, 0xa2, 0xff, 0xf6, 0x00, 0xab, 0xff, 0xf7, 0x00, 0xb9, 0xff, 0xf9,
0x00, 0x08, 0x00, 0x0c, 0xff, 0xf1, 0x00, 0x0d, 0xff, 0xe1, 0x00, 0x3f, 0xff, 0xd8, 0x00, 0x47, 0xff, 0xf9, 0x00, 0x55,
0xff, 0xfb, 0x00, 0x59, 0xff, 0xee, 0x00, 0x5c, 0xff, 0xfa, 0x00, 0xb9, 0xff, 0xd0, 0x00, 0x18, 0x00, 0x0b, 0xff, 0xe4,
0x00, 0x0d, 0xff, 0xe0, 0x00, 0x3f, 0xff, 0xd5, 0x00, 0x44, 0xff, 0xf4, 0x00, 0x46, 0xff, 0xf4, 0x00, 0x47, 0xff, 0xf2,
0x00, 0x50, 0xff, 0xf3, 0x00, 0x5c, 0xff, 0xd8, 0x00, 0x6a, 0xff, 0xdd, 0x00, 0x91, 0xff, 0xf8, 0x00, 0x92, 0xff, 0xf9,
0x00, 0x93, 0xff, 0xf8, 0x00, 0x94, 0xff, 0xf8, 0x00, 0x95, 0xff, 0xf8, 0x00, 0x96, 0xff, 0xf8, 0x00, 0x9c, 0xff, 0xf8,
0x00, 0x9d, 0xff, 0xf8, 0x00, 0x9e, 0xff, 0xf8, 0x00, 0xa0, 0xff, 0xf8, 0x00, 0xa7, 0xff, 0xe3, 0x00, 0xa8, 0xff, 0xe4,
0x00, 0xab, 0xff, 0xf9, 0x00, 0xb9, 0xff, 0xcf, 0x00, 0xba, 0xff, 0xdb, 0x00, 0x03, 0x00, 0x0c, 0xff, 0xe9, 0x00, 0x3f,
0xff, 0xd9, 0x00, 0xb9, 0xff, 0xd4, 0x00, 0x15, 0x00, 0x3f, 0xff, 0xf4, 0x00, 0x44, 0xff, 0xe7, 0x00, 0x46, 0xff, 0xe7,
0x00, 0x50, 0xff, 0xe6, 0x00, 0x54, 0xff, 0xee, 0x00, 0x5c, 0xff, 0xdc, 0x00, 0x6a, 0xff, 0xf0, 0x00, 0x91, 0xff, 0xec,
0x00, 0x92, 0xff, 0xec, 0x00, 0x93, 0xff, 0xec, 0x00, 0x94, 0xff, 0xec, 0x00, 0x95, 0xff, 0xec, 0x00, 0x96, 0xff, 0xec,
0x00, 0x9c, 0xff, 0xeb, 0x00, 0x9d, 0xff, 0xeb, 0x00, 0x9e, 0xff, 0xeb, 0x00, 0xa0, 0xff, 0xeb, 0x00, 0xab, 0xff, 0xeb,
0x00, 0xad, 0xff, 0xf3, 0x00, 0xb9, 0xff, 0xf5, 0x00, 0xba, 0xff, 0xe8, 0x00, 0x06, 0x00, 0x3f, 0xff, 0xea, 0x00, 0x44,
0xff, 0xfb, 0x00, 0x46, 0xff, 0xfb, 0x00, 0x50, 0xff, 0xf9, 0x00, 0x5c, 0xff, 0xf1, 0x00, 0xb9, 0xff, 0xea, 0x00, 0x09,
0x00, 0x0b, 0xff, 0xfa, 0x00, 0x12, 0xff, 0xe4, 0x00, 0x4e, 0xff, 0xf9, 0x00, 0x4f, 0xff, 0xf9, 0x00, 0x51, 0xff, 0xf8,
0x00, 0x53, 0xff, 0xf8, 0x00, 0x5c, 0xff, 0xf8, 0x00, 0x6c, 0xff, 0xf4, 0x00, 0xb9, 0xff, 0xd1, 0x00, 0x0c, 0x00, 0x0c,
0xff, 0xf4, 0x00, 0x0d, 0xff, 0xe1, 0x00, 0x3f, 0xff, 0xd8, 0x00, 0x47, 0xff, 0xf6, 0x00, 0x55, 0xff, 0xee, 0x00, 0x59,
0xff, 0xee, 0x00, 0x5c, 0xff, 0xdb, 0x00, 0x6a, 0xff, 0xe7, 0x00, 0xa7, 0xff, 0xee, 0x00, 0xa8, 0xff, 0xf0, 0x00, 0xb9,
0xff, 0xcf, 0x00, 0xba, 0xff, 0xf5, 0x00, 0x08, 0x00, 0x0c, 0xff, 0xe8, 0x00, 0x0d, 0xff, 0xd6, 0x00, 0x3f, 0xff, 0xd7,
0x00, 0x47, 0xff, 0xf7, 0x00, 0x55, 0xff, 0xfb, 0x00, 0x59, 0xff, 0xf0, 0x00, 0x5e, 0xff, 0xf9, 0x00, 0xb9, 0xff, 0xcd,
0x00, 0x08, 0x00, 0x0c, 0xff, 0xea, 0x00, 0x0d, 0xff, 0xdb, 0x00, 0x3f, 0xff, 0xd8, 0x00, 0x47, 0xff, 0xf8, 0x00, 0x55,
0xff, 0xfb, 0x00, 0x59, 0xff, 0xf0, 0x00, 0x5e, 0xff, 0xfa, 0x00, 0xb9, 0xff, 0xce, 0x00, 0x07, 0x00, 0x0c, 0xff, 0xeb,
0x00, 0x0d, 0xff, 0xde, 0x00, 0x3f, 0xff, 0xd8, 0x00, 0x47, 0xff, 0xfa, 0x00, 0x55, 0xff, 0xfb, 0x00, 0x59, 0xff, 0xf0,
0x00, 0xb9, 0xff, 0xce, 0x00, 0x07, 0x00, 0x4e, 0xff, 0xfa, 0x00, 0x4f, 0xff, 0xfa, 0x00, 0x51, 0xff, 0xfa, 0x00, 0x53,
0xff, 0xfa, 0x00, 0x99, 0x00, 0x0d, 0x00, 0x9a, 0x00, 0x0d, 0x00, 0xb9, 0xff, 0xd2, 0x00, 0x0a, 0x00, 0x3f, 0x00, 0x0c,
0x00, 0x43, 0x00, 0x07, 0x00, 0x49, 0x00, 0x07, 0x00, 0x4c, 0x00, 0x07, 0x00, 0x4e, 0xff, 0xfa, 0x00, 0x4f, 0xff, 0xfa,
0x00, 0x51, 0xff, 0xfa, 0x00, 0x53, 0xff, 0xfa, 0x00, 0x5e, 0x00, 0x03, 0x00, 0x9a, 0x00, 0x5e, 0x00, 0x09, 0x00, 0x0d,
0x00, 0x03, 0x00, 0x3e, 0x00, 0x03, 0x00, 0x3f, 0x00, 0x0e, 0x00, 0x43, 0x00, 0x08, 0x00, 0x49, 0x00, 0x08, 0x00, 0x4c,
0x00, 0x08, 0x00, 0x5e, 0x00, 0x04, 0x00, 0x98, 0x00, 0x04, 0x00, 0x99, 0x00, 0x62, 0x00, 0x06, 0x00, 0x0c, 0xff, 0xfb,
0x00, 0x0d, 0xff, 0xdb, 0x00, 0x3f, 0xff, 0xd9, 0x00, 0x47, 0xff, 0xf3, 0x00, 0x55, 0xff, 0xf3, 0x00, 0xb9, 0xff, 0xce,
0x00, 0x07, 0x00, 0x0c, 0xff, 0xea, 0x00, 0x0d, 0xff, 0xd5, 0x00, 0x3f, 0xff, 0xd7, 0x00, 0x47, 0xff, 0xf4, 0x00, 0x55,
0xff, 0xf5, 0x00, 0x59, 0xff, 0xeb, 0x00, 0xb9, 0xff, 0xcd, 0x00, 0x07, 0x00, 0x0c, 0xff, 0xeb, 0x00, 0x0d, 0xff, 0xd9,
0x00, 0x3f, 0xff, 0xd8, 0x00, 0x47, 0xff, 0xf5, 0x00, 0x55, 0xff, 0xf5, 0x00, 0x59, 0xff, 0xeb, 0x00, 0xb9, 0xff, 0xce,
0x00, 0x07, 0x00, 0x0c, 0xff, 0xec, 0x00, 0x0d, 0xff, 0xdc, 0x00, 0x3f, 0xff, 0xd9, 0x00, 0x47, 0xff, 0xf5, 0x00, 0x55,
0xff, 0xf6, 0x00, 0x59, 0xff, 0xeb, 0x00, 0xb9, 0xff, 0xce, 0x00, 0x07, 0x00, 0x0c, 0xff, 0xed, 0x00, 0x0d, 0xff, 0xdc,
0x00, 0x3f, 0xff, 0xd8, 0x00, 0x47, 0xff, 0xf6, 0x00, 0x55, 0xff, 0xf6, 0x00, 0x59, 0xff, 0xeb, 0x00, 0xb9, 0xff, 0xce,
0x00, 0x03, 0x00, 0x0c, 0xff, 0xed, 0x00, 0x3f, 0xff, 0xe4, 0x00, 0xb9, 0xff, 0xe1, 0x00, 0x05, 0x00, 0x0c, 0xff, 0xe2,
0x00, 0x12, 0xff, 0xda, 0x00, 0x3f, 0xff, 0xf1, 0x00, 0x6c, 0xff, 0xd8, 0x00, 0xb9, 0xff, 0xef, 0x00, 0x05, 0x00, 0x0c,
0xff, 0xe3, 0x00, 0x12, 0xff, 0xdb, 0x00, 0x3f, 0xff, 0xf1, 0x00, 0x6c, 0xff, 0xd8, 0x00, 0xb9, 0xff, 0xee, 0x00, 0x06,
0x00, 0x0c, 0xff, 0xf0, 0x00, 0x0d, 0xff, 0xdc, 0x00, 0x3f, 0xff, 0xd8, 0x00, 0x59, 0xff, 0xf3, 0x00, 0x5c, 0xff, 0xf7,
0x00, 0xb9, 0xff, 0xce, 0x00, 0x03, 0x00, 0x3f, 0xff, 0xf1, 0x00, 0x5c, 0xff, 0xf0, 0x00, 0xb9, 0xff, 0xee, 0x00, 0x01,
0x00, 0x30, 0x00, 0x14, 0x00, 0x15, 0x00, 0x17, 0x00, 0x18, 0x00, 0x19, 0x00, 0x1a, 0x00, 0x25, 0x00, 0x29, 0x00, 0x2a,
0x00, 0x2e, 0x00, 0x2f, 0x00, 0x31, 0x00, 0x33, 0x00, 0x34, 0x00, 0x35, 0x00, 0x37, 0x00, 0x39, 0x00, 0x3b, 0x00, 0x43,
0x00, 0x47, 0x00, 0x49, 0x00, 0x4c, 0x00, 0x53, 0x00, 0x54, 0x00, 0x55, 0x00, 0x58, 0x00, 0x59, 0x00, 0x5b, 0x00, 0x84,
0x00, 0x8a, 0x00, 0x93, 0x00, 0x94, 0x00, 0x95, 0x00, 0x96, 0x00, 0x98, 0x00, 0x99, 0x00, 0x9a, 0x00, 0x9b, 0x00, 0x9c,
0x00, 0x9d, 0x00, 0x9e, 0x00, 0x9f, 0x00, 0xa0, 0x00, 0xa2, 0x00, 0xa7, 0x00, 0xa8, 0x00, 0xad, 0x00, 0xb0, 0x00, 0x00,
0x00, 0x00, 0x00, 0x01, 0x00, 0x00, 0x00, 0x00, 0xda, 0x53, 0x99, 0xf0, 0x00, 0x00, 0x00, 0x00, 0xe5, 0xd7, 0x74, 0xcf,
0x00, 0x00, 0x00, 0x00, 0xe5, 0xd7, 0x74, 0xcf};
unsigned int default_font_size = 19028;
// end default_font
